INSERT INTO finanzierung (id, ist_projekt_vorsteuerabzugsberechtigt, kosten_anmerkung, begruendung_eigenmittel, beantragtes_budget,
                          ist_einladung_foerderhinweis, ist_website_foerderhinweis, ist_sonstiger_foerderhinweis, sonstige_foerderhinweise,
                          bewilligter_zuschuss)
VALUES ('20000000-0000-0000-0000-000000000001', false, 'Kosten für Dekoration, Getränke, ggf. Technik und Genehmigungen.', NULL, 4823.45, true, false, false,
        '', NULL),
       ('20000000-0000-0000-0000-000000000002', false, 'Raummiete, Bühnenausstattung und Betreuungskosten.', NULL, 1567.22, false, true, false, '', 1567.22),
       ('20000000-0000-0000-0000-000000000003', false, 'Geringe Kosten für Genehmigung und Beschilderung.', NULL, 9384.11, false, false, true,
        'Auf Info-Tafeln beim Stadtpark-Flohmarkt', 8000.00),
       ('20000000-0000-0000-0000-000000000004', true, 'Honorarkosten für Leitung und ggf. Instrumentenmiete.',
        'Die Zielgruppe besteht überwiegend aus Jugendlichen aus einkommensschwachen Familien. Teilnahmebeiträge wurden bewusst niedrig gehalten, um allen die Teilnahme zu ermöglichen. Dadurch können nur geringe Eigenmittel eingebracht werden.',
        745.90, true, false, true, 'Auf Workshop-Unterlagen der Jugendlichen angebracht', 745.90),
       ('20000000-0000-0000-0000-000000000005', false, 'Lebensmittelkosten und Küchennutzung.', NULL, 6298.33, false, true, false, '', NULL),
       ('20000000-0000-0000-0000-000000000006', false, 'Materialkosten für Bastelbedarf.', NULL, 214.77, true, true, false, '', NULL),
       ('20000000-0000-0000-0000-000000000007', false, 'Hohe Kosten für Band, Technik und Sicherheit.',
        'Hohe Kosten für Technik, Künstlerhonorare und GEMA-Gebühren stehen einem bewusst niedrig angesetzten Eintrittspreis gegenüber, um eine breite Teilnahme der Dorfgemeinschaft zu ermöglichen. Daher sind die Eigenmittel begrenzt.',
        22000.50, true, false, false, '', NULL),
       ('20000000-0000-0000-0000-000000000008', false, 'Kosten für Farben, Schutzkleidung und Anleitung.', NULL, 3320.12, false, true, false, '', 3320.12),
       ('20000000-0000-0000-0000-000000000009', true, 'Lizenzgebühr für Film und Technikmiete.', NULL, 1284.66, false, false, true,
        'Auf Kinoflyern im Park vermerkt', NULL),
       ('20000000-0000-0000-0000-000000000010', true, 'Material- und Baukosten für den Sandkasten.',
        'Der Sandkasten wird ehrenamtlich gebaut, jedoch fehlen finanzielle Rücklagen im Trägerverein. Eigenmittel sind daher nur in geringem Umfang möglich.',
        4888.11, true, true, true, 'Am Sandkasten selbst angebracht', NULL),
       ('20000000-0000-0000-0000-000000000011', true, '', NULL, 312.44, false, true, false, '', NULL),
       ('20000000-0000-0000-0000-000000000012', false, 'Geringe Kosten für Kursleitung.', NULL, 4689.77, true, false, false, '', 4500.00),
       ('20000000-0000-0000-0000-000000000013', true, '',
        'Um sozial benachteiligten Kindern die Teilnahme an der Kinderfreizeit zu ermöglichen, wurden die Beiträge stark reduziert. Daher liegen die Eigenmittel unter 25%.',
        1275.88, false, true, true, 'Im Feriencamp-Handbuch enthalten', 1275.88),
       ('20000000-0000-0000-0000-000000000014', false, 'Geringe Kosten für Organisation und ggf. Verpflegung.', NULL, 9850.41, true, false, true,
        'Auf Fahrradtour-Routenplänen markiert', NULL),
       ('20000000-0000-0000-0000-000000000015', true, '', NULL, 2330.55, false, false, true, 'Auf Flyern im Jugendclub sichtbar', NULL),
       ('20000000-0000-0000-0000-000000000016', false, 'Materialkosten für Schminke.', NULL, 667.13, true, true, false, '', 667.13),
       ('20000000-0000-0000-0000-000000000017', false, 'Honorarkosten für Workshopleitung.', NULL, 1882.90, false, true, false, '', NULL),
       ('20000000-0000-0000-0000-000000000018', true, 'Kosten für Verpflegung und Spielmaterial.',
        'Die Finanzierung des Sommer-Picknicks erfolgt fast ausschließlich über Sponsoren; der Eigenanteil ist gering.', 5432.12, true, false, true,
        'Auf Picknick-Flyern und Spielplänen', 5000.00),
       ('20000000-0000-0000-0000-000000000019', true, 'Material- und Kursleitungskosten.', NULL, 991.34, false, true, false, '', 991.34),
       ('20000000-0000-0000-0000-000000000020', true, 'Technik, Gagen und Raumkosten.',
        'Beim Bau des Insektenhotels setzen wir auf Sachspenden und ehrenamtliche Arbeit. Finanzielle Eigenmittel sind nur untergeordnet.', 4200.22, true, true,
        false, '', 4200.22),
       ('20000000-0000-0000-0000-000000000021', true, '',
        'Für den Natur-Erlebnistag am Bach wird auf freiwillige Helfer und Sachspenden gesetzt, wodurch eigene finanzielle Mittel nur eine kleine Rolle spielen.',
        7543.66, false, false, true, 'Auf Info-Tafeln beim Natur-Erlebnistag am Bach', NULL),
       ('20000000-0000-0000-0000-000000000022', false, 'Kosten für Sportmaterial und Betreuung.', NULL, 321.77, true, true, false, '', 321.77),
       ('20000000-0000-0000-0000-000000000023', true, 'Materialkosten für Bau und Werkzeug.', NULL, 2850.44, false, true, false, '', NULL),
       ('20000000-0000-0000-0000-000000000024', false, 'Sicherheitsausrüstung und Betreuungskosten.', NULL, 1130.88, true, false, true,
        'An den Kletterstationen im Jugendclub angebracht', 1130.88),
       ('20000000-0000-0000-0000-000000000025', true, 'Honorarkosten für Tanztrainer.', NULL, 2976.55, false, true, true,
        'Auf Workshop-Unterlagen der Tanzteilnehmer', 2800.00),
       ('20000000-0000-0000-0000-000000000026', false, 'Lebensmittel- und Betreuungskosten.',
        'Die Veranstaltung richtet sich an Senioren mit begrenztem Budget. Eigenmittel sind daher nur in geringem Umfang verfügbar.', 875.99, true, false, true,
        'Auf Koch-Rezeptblättern für Senioren markiert', NULL),
       ('20000000-0000-0000-0000-000000000027', false, 'Genehmigung, Beschilderung und Spielmaterial.', NULL, 6802.11, false, true, false, '', 6802.11),
       ('20000000-0000-0000-0000-000000000028', true, 'Materialkosten für Bastel- und Malbedarf.',
        'Für den Bastel-Workshop im Bürgerzentrum werden Materialien überwiegend gesponsert, die Eigenmittel sind minimal.', 1444.66, true, false, true,
        'Auf Bastel- und Malmaterialien im Bürgerzentrum', NULL),
       ('20000000-0000-0000-0000-000000000029', true, 'Kosten für Sportmaterial und Preise.', NULL, 2275.88, false, true, false, '', 2275.88),
       ('20000000-0000-0000-0000-000000000030', false, 'Materialkosten und Workshopleitung.', NULL, 3590.12, true, false, true,
        'Auf Upcycling-Materialien für Jugendliche markiert', 3590.12),
       ('20000000-0000-0000-0000-000000000031', true, 'Gagen und Technikmiete.', NULL, 4205.77, false, true, true,
        'Auf Konzertprogrammen im Stadtpark vermerkt', NULL),
       ('20000000-0000-0000-0000-000000000032', false, 'Geringe Kosten für Spielmaterial.', NULL, 1910.33, true, false, true,
        'Auf Spielnachmittags-Flyern sichtbar', NULL),
       ('20000000-0000-0000-0000-000000000033', false, 'Material- und Betreuungskosten.', NULL, 1247.66, false, true, false, '', NULL),
       ('20000000-0000-0000-0000-000000000034', false, 'Technik- und ggf. Autorenhonorar.', NULL, 3599.44, true, false, true,
        'Auf Plakaten der Open-Air-Lesung im Dorfpark', 3599.44),
       ('20000000-0000-0000-0000-000000000035', true, 'Hohe Kosten für Technik, Künstler und Organisation.', NULL, 420.22, false, true, false, '', NULL),
       ('20000000-0000-0000-0000-000000000036', false, 'Leitungskosten und Material.', NULL, 7650.88, true, false, true,
        'Im Theater-Programm der Grundschulprojektgruppe', 7650.88),
       ('20000000-0000-0000-0000-000000000037', false, 'Material- und Betreuungskosten.', NULL, 1888.11, false, true, true,
        'Auf Materialien beim Sommer-Science-Day im Jugendzentrum', NULL),
       ('20000000-0000-0000-0000-000000000038', false, 'Kosten für Kursleitung.', NULL, 5412.99, true, false, true,
        'Auf Sportaktions-Postern für Senioren vermerkt', 5412.99),
       ('20000000-0000-0000-0000-000000000039', false, 'Honorarkosten für Fotograf und Technik.', NULL, 333.77, false, true, false, '', 333.77),
       ('20000000-0000-0000-0000-000000000040', false, 'Technik- und Raumkosten.', NULL, 2750.22, true, false, true,
        'Im Programm des Musik-AG-Auftritts im Bürgerhaus', NULL),
       ('20000000-0000-0000-0000-000000000041', true, 'Materialkosten.', NULL, 4220.66, false, true, false, '', NULL),
       ('20000000-0000-0000-0000-000000000042', false, 'Material- und Raumkosten.', NULL, 156.88, true, false, true,
        'Auf Töpferkurs-Materialien im Gemeindezentrum markiert', NULL),
       ('20000000-0000-0000-0000-000000000043', false, '', NULL, 2755.44, false, true, false, '', NULL),
       ('20000000-0000-0000-0000-000000000044', true, '', NULL, 999.33, true, false, true, 'Auf Materialien beim Natur-Entdeckungstag sichtbar', 999.33),
       ('20000000-0000-0000-0000-000000000045', false, 'Material- und Baukosten.', NULL, 4203.88, false, true, true,
        'Auf Tafeln des kleinen Trimm-Dich-Pfads angebracht', NULL),
       ('20000000-0000-0000-0000-000000000046', false, 'Kosten für Sportmaterial und Helfer.', NULL, 1850.55, true, false, true,
        'Auf Sportfest-Flyern im Park markiert', 1850.55),
       ('20000000-0000-0000-0000-000000000047', true, 'Material- und Betreuungskosten.', NULL, 310.44, false, true, false, '', 310.44),
       ('20000000-0000-0000-0000-000000000048', false, 'Geringe Kosten für Organisation.', NULL, 2340.99, true, false, true,
        'Auf Quiz-Flyern im Nachbarschaftsbereich vermerkt', NULL),
       ('20000000-0000-0000-0000-000000000049', true, 'Film- und Techniklizenzkosten.', NULL, 15023.50, false, true, true,
        'Auf Kinoflyern beim Open-Air-Kinoabend für Familien', NULL),
       ('20000000-0000-0000-0000-000000000050', false, 'Materialkosten für Bastelaktion.', NULL, 152.77, true, false, true,
        'Auf Bastelmaterialien beim Dorffest sichtbar', 152.77);


INSERT INTO antrag (id, bezirksausschuss_nr, eingang_datum, ist_person_vorsteuerabzugsberechtigt, zammad_ticket_nr, aktualisierung_datum, aktenzeichen,
                    aktualisierung_art, finanzierung_id, bearbeitungsstand_anmerkungen, bearbeitungsstand_ist_mittelabruf, bearbeitungsstand_status,
                    projekt_titel, projekt_start, projekt_frist_bruch_begruendung, projekt_ende, projekt_beschreibung, antragsteller_name,
                    antragsteller_telefon_nr, antragsteller_email, antragsteller_rechtsform, antragsteller_zielsetzung,
                    antragsteller_adresse_strasse_hausnummer, antragsteller_adresse_weitere_angaben, antragsteller_adresse_ort,
                    antragsteller_adresse_postleitzahl, bankverbindung_ist_von_vertretungsberechtigtem, bankverbindung_geldinstitut, bankverbindung_iban,
                    bankverbindung_bic, vertretungsberechtigter_nachname, vertretungsberechtigter_vorname, vertretungsberechtigter_mobil_nr,
                    vertretungsberechtigter_telefon_nr, vertretungsberechtigter_email, vertretungsberechtigter_adresse_strasse_hausnummer,
                    vertretungsberechtigter_adresse_weitere_angaben, vertretungsberechtigter_adresse_ort, vertretungsberechtigter_adresse_postleitzahl)
VALUES ('10000000-0000-0000-0000-000000000001', 16, '2025-01-02 08:15:00', false, '1023', '2025-03-01 11:22:00', '2025-00-00/00100', 'FACHANWENDUNG',
        '20000000-0000-0000-0000-000000000001', '', false, 'ABGELEHNT_KEINE_RUECKMELDUNG', 'Sommerfest im Nachbarschaftsgarten', '2025-02-15', '',
        '2025-03-15', 'Ein Sommerfest für alle Nachbarn mit Spielen, Essen und Musik, um die Gemeinschaft zu stärken und neue Kontakte zu knüpfen.',
        'Anna Müller', '0320 12345679', 'anna.mueller@mueller.invalid', 'NATUERLICHE_PERSON',
        'Die Nachbarschaft stärken und Kindern mehr Spielmöglichkeiten bieten.', 'Hauptstraße 12', 'Eingang über Terrasse', 'München', '80331', false,
        'Münchner Bürgerbank', 'DE20999000010000000001', 'BANKDEFF027', NULL, NULL, NULL, NULL, NULL, NULL, NULL, NULL, NULL),
       ('10000000-0000-0000-0000-000000000002', 1, '2025-01-05 14:47:00', false, '1147', '2025-01-15 09:40:00', '2025-00-00/00101', 'ZAMMAD',
        '20000000-0000-0000-0000-000000000002', 'Dokumente vollständig eingereicht', false, 'AUSZAHLUNG', 'Kinder-Theateraufführung im Gemeindezentrum',
        '2025-01-08', 'Unvorhergesehene organisatorische Änderungen im Projektablauf führten zur nachträglichen Antragstellung.', '2025-01-20',
        'Theateraufführung von Kindern der Grundschule, inklusive Workshop und Aufführung für Familien. Die Kinder erlernen gemeinsam Szenen, Kostüme und Bühnenbild.',
        'Jugendförderverein Nord', '0359 999999999', 'info@jugendfoerderverein.invalid', 'SONSTIGE_VEREINIGUNGEN',
        'Kreative Talente bei Jugendlichen fördern und Gemeinschaftsprojekte initiieren.', 'Parkstraße 5', '', 'Garching', '80992', true, 'Isar Finanzhaus',
        'DE28999000020000000002', 'BANKDEFF184', 'Müller', 'Lukas', '+49 151 23456789', '+49 151 23456789', 'lukas@mueller.invalid', 'Hauptstraße 12', NULL,
        'München', '80331'),
       ('10000000-0000-0000-0000-000000000003', 22, '2025-01-12 09:05:00', false, '1275', '2025-03-05 16:45:00', '2025-00-00/00102', 'FACHANWENDUNG',
        '20000000-0000-0000-0000-000000000003', '', false, 'ZUWENDUNGSBESCHEID_ERSTELLT', 'Nachbarschafts-Flohmarkt im Stadtpark', '2025-02-25', '',
        '2025-03-30',
        'Flohmarkt im Stadtpark, bei dem Bürger gebrauchte Gegenstände verkaufen können. Mit kleinen Spielstationen für Kinder und Informationsständen lokaler Vereine.',
        'Kreativwerkstatt GmbH', '89123567', 'kreativ@kreativwerkstatt.invalid', 'JURISTISCHE_PERSON',
        'Bürgern die Möglichkeit geben, eigene Projekte umzusetzen und Zusammenarbeit zu fördern.', 'Kreativweg 7', '', 'München', '80469', true,
        'BayernTest Bank', 'DE36999000030000000003', 'BANKDEFF392', 'Schneider', 'Anna', NULL, '0151 98765432', 'a.schneider@schneider.invalid',
        'Bahnhofstraße 34a', NULL, 'Garching', '85716'),
       ('10000000-0000-0000-0000-000000000004', 1, '2025-01-15 20:30:00', true, '1389', '2025-04-05 12:10:00', '2025-00-00/00103', 'FACHANWENDUNG',
        '20000000-0000-0000-0000-000000000004', '', true, 'AUSZAHLUNG', 'Musik-Workshop für Jugendliche', '2025-03-30', '', '2025-04-15',
        'Musik-Workshop für Jugendliche, um Instrumente auszuprobieren und gemeinsam zu musizieren. Ziel ist es, das musikalische Interesse zu fördern und neue Freundschaften zu knüpfen.',
        'Maximilian Schmidt', '089 00000000', 'max.schmidt99@schmidt.invalid', 'NATUERLICHE_PERSON',
        'Kulturelle Angebote für Familien bereitstellen und lokale Künstler einbeziehen.', 'Musterstraße 23a', '', 'Erding', '85435', false,
        'Münchner Bürgerbank', 'DE44999000040000000004', 'BANKDEFF051', NULL, NULL, NULL, NULL, NULL, NULL, NULL, NULL, NULL),
       ('10000000-0000-0000-0000-000000000005', 8, '2025-01-22 11:22:00', false, '1456', '2025-04-10 17:30:00', '2025-00-00/00104', 'E_AKTE',
        '20000000-0000-0000-0000-000000000005', 'Rückfrage zu Finanzierungsplan gestellt', true, 'ABLEHNUNGSBESCHLUSS_ERHALTEN',
        'Senioren-Kochkurs im Bürgerhaus', '2025-04-03', '', '2025-04-25',
        'Kochkurs für Senioren, bei dem regionale Rezepte erlernt und gemeinsam gekocht werden. Abschließend gemeinsames Mittagessen und Austausch über Kochtipps.',
        'Kulturverein Altstadt', '030-99999999', 'kontakt@kulturverein.invalid', 'SONSTIGE_VEREINIGUNGEN',
        'Die Lebensqualität im Wohnviertel verbessern und Gemeinschaftsaktionen unterstützen.', 'Altstadtweg 3', '', 'München', '80636', false,
        'Stadtbank München', 'DE52999000050000000005', 'BANKDEFF406', NULL, NULL, NULL, NULL, NULL, NULL, NULL, NULL, NULL),
       ('10000000-0000-0000-0000-000000000006', 16, '2025-02-01 07:50:00', false, '1522', '2025-03-20 14:55:00', '2025-00-00/00105', 'E_AKTE',
        '20000000-0000-0000-0000-000000000006', '', false, 'ABRECHNUNGSSCHREIBEN_ERSTELLT', 'Bastel-Workshop für Kinder', '2025-03-15', '', '2025-03-30',
        'Bastel-Workshop für Kinder, inklusive Malen, Basteln und kreativen Spielen. Die fertigen Werke werden auf einer kleinen Ausstellung gezeigt.',
        'Bastelclub Sonnenschein', '+49 40 12345 1234', 'bastel.club5@sonnenschein.invalid', 'SONSTIGE_VEREINIGUNGEN',
        'Kreative Freizeitangebote für Kinder und Jugendliche anbieten.', 'Sonnenallee 45', 'Eingang links', 'München', '80333', true, 'AlpenFinanz',
        'DE60999000060000000006', 'BANKDEFF118', 'Fischer', 'Maximilian', NULL, '0176-12345678', 'max_fischer123@fischer.invalid', 'Feldweg 7', 'Hinterhaus',
        'Freising', '85354'),
       ('10000000-0000-0000-0000-000000000007', 13, '2025-02-03 18:10:00', true, '1684', '2025-03-22 10:12:00', '2025-00-00/00106', 'E_AKTE',
        '20000000-0000-0000-0000-000000000007', 'Unterlagen fehlen teilweise', false, 'SITZUNGSVORLAGE_ERSTELLT', 'Dorffest mit Live-Musik', '2025-03-18',
        'Erst nach Projektbeginn konnten alle erforderlichen Genehmigungen und Unterschriften eingeholt werden.', '2025-03-28',
        'Dorffest mit Live-Musik, Ständen, Spielen und einem gemeinsamen Grillabend. Ziel ist, den Zusammenhalt im Ort zu stärken und Spaß für alle Altersgruppen zu bieten.',
        'Sophia Fischer', '0911 9999999', 's.fischer@fischer.invalid', 'NATUERLICHE_PERSON',
        'Junge Musiker und Künstler fördern und eine Bühne für Auftritte schaffen.', 'Fischerstraße 8', '', 'München', '81243', false, 'Isar Finanzhaus',
        'DE68999000070000000007', 'BANKDEFF275', NULL, NULL, NULL, NULL, NULL, NULL, NULL, NULL, NULL),
       ('10000000-0000-0000-0000-000000000008', 8, '2025-02-10 12:40:00', false, '1725', '2025-04-01 19:05:00', '2025-00-00/00107', 'E_AKTE',
        '20000000-0000-0000-0000-000000000008', '', false, 'ZUWENDUNGSBESCHEID_VERSENDET', 'Street-Art-Workshop im Stadtteil', '2025-03-26', '', '2025-04-10',
        'Workshop für Street-Art, bei dem Jugendliche eine Wand im Stadtteil gestalten und dabei Techniken wie Sprayen, Schablonen und Farbgestaltung lernen.',
        'Sportfreunde West', '0800 00000000', 'sport@freunde-west.invalid', 'SONSTIGE_VEREINIGUNGEN',
        'Sportliche Aktivitäten für Kinder und Jugendliche initiieren.', 'Sportplatzweg 10', '', 'München', '80335', true, 'Testbank Süd',
        'DE76999000080000000008', 'BANKDEFF009', 'Weber', 'Julia', '0157 87654321', '030 87654321', 'julia.weber@weber.invalid', 'Lindenstraße 56', NULL,
        'Dachau', '85221'),
       ('10000000-0000-0000-0000-000000000009', 13, '2025-02-18 22:15:00', true, '1830', '2025-05-05 09:45:00', '2025-00-00/00108', 'FACHANWENDUNG',
        '20000000-0000-0000-0000-000000000009', '', false, 'ABGELEHNT_NICHT_ZUSTAENDIG', 'Sommerkino im Park', '2025-04-30',
        'Technische Probleme mit dem Online-Portal verzögerten die fristgerechte Abgabe des Antrags.', '2025-05-15',
        'Sommerkino im Park mit familienfreundlichen Filmen und Snacks. Vor Ort gibt es Sitzmöglichkeiten, Popcorn und kleine Wettbewerbe für Kinder.',
        'Tonstudio Berlin GmbH', '0700-01234567', 'studio12@tonstudio.invalid', 'JURISTISCHE_PERSON',
        'Musikunterricht und kreative Workshops für Kinder ermöglichen.', 'Tonweg 12', '', 'Starnberg', '82319', false, 'BayernTest Bank',
        'DE84999000090000000009', 'BANKDEFF364', NULL, NULL, NULL, NULL, NULL, NULL, NULL, NULL, NULL),
       ('10000000-0000-0000-0000-000000000010', 22, '2025-02-25 06:33:00', true, '1945', '2025-04-15 13:22:00', '2025-00-00/00109', 'ZAMMAD',
        '20000000-0000-0000-0000-000000000010', 'Prüfung des Projekttitels abgeschlossen', false, 'ABLEHNUNGSBESCHLUSS_ERHALTEN',
        'Bau eines Gemeinschafts-Sandkastens', '2025-04-08', '', '2025-04-25',
        'Gemeinschaftsaktion: Bau eines Sandkastens für Kinder im Nachbarschaftsgarten. Eltern und Kinder arbeiten zusammen, um ein sicheres Spielumfeld zu schaffen.',
        'Lena Wagner', '0600 09999999', 'lena.wagner@mueller.invalid', 'NATUERLICHE_PERSON',
        'Leseförderung bei Grundschulkindern und spielerisches Lernen unterstützen.', 'Wagnerstraße 34', 'Abteilung Buchhaltung', 'München', '80796', true,
        'Kreditinstitut Isar', 'DE92999000100000000010', 'BANKDEFF142', 'Wagner', 'Leon', '0160 23456789', '0160 23456789', 'leon-wagner@wagner.invalid',
        'Musterweg 18b', '2. Stock', 'Erding', '85435'),
       ('10000000-0000-0000-0000-000000000011', 16, '2025-03-01 13:50:00', true, '2033', '2025-04-20 18:05:00', '2025-00-00/00110', 'ZAMMAD',
        '20000000-0000-0000-0000-000000000011', '', true, 'ABGELEHNT_KEINE_RUECKMELDUNG', 'Lesewettbewerb in der Grundschule', '2025-04-15', '', '2025-04-30',
        'Lesewettbewerb in der Grundschule, bei dem Kinder ihre Lieblingsbücher vorstellen und kleine Preise gewinnen. Förderung der Lesekompetenz steht im Vordergrund.',
        'Natur- und Umweltverein e.V.', '+49 150 000000000', 'natur.verein@umwelt.invalid', 'SONSTIGE_VEREINIGUNGEN',
        'Umweltbewusstsein bei Kindern und Jugendlichen stärken.', 'Umweltstraße 9', '', 'München', '80337', false, 'Stadtbank München',
        'DE03999000110000000011', 'BANKDEFF299', NULL, NULL, NULL, NULL, NULL, NULL, NULL, NULL, NULL),
       ('10000000-0000-0000-0000-000000000012', 4, '2025-03-06 19:12:00', false, '2156', '2025-05-01 08:50:00', '2025-00-00/00111', 'E_AKTE',
        '20000000-0000-0000-0000-000000000012', 'Genehmigung ausstehend', true, 'BESCHLUSS_ERHALTEN', 'Outdoor-Yoga für Senioren', '2025-04-20', '',
        '2025-05-05',
        'Outdoor-Yoga für Senioren zur Förderung von Bewegung, Balance und Entspannung. Kleine Gruppen mit Anleitung durch erfahrene Trainerinnen.',
        'Kunstschule Kreativraum', '0170 99999999', 'kunstschule7@kreativraum.invalid', 'JURISTISCHE_PERSON',
        'Kreativität und künstlerisches Ausdrucksvermögen von Kindern fördern.', 'Kunststraße 11', '3. OG', 'München', '81245', false, 'Münchner Bürgerbank',
        'DE11999000120000000012', 'BANKDEFF073', NULL, NULL, NULL, NULL, NULL, NULL, NULL, NULL, NULL),
       ('10000000-0000-0000-0000-000000000013', 1, '2025-03-12 08:45:00', true, '2278', '2025-05-05 14:30:00', '2025-00-00/00112', 'E_AKTE',
        '20000000-0000-0000-0000-000000000013', '', true, 'AUSZAHLUNG', 'Kinderfreizeit im Feriencamp', '2025-04-24',
        'Der Projektstart musste kurzfristig verschoben werden, wodurch die Antragstellung nachträglich erfolgte.', '2025-05-10',
        'Kinderfreizeit im Feriencamp mit Spielen, Ausflügen, Kreativ-Workshops und abendlichen Lagerfeuern. Ziel ist, Ferienerlebnisse für Kinder in sicherer Umgebung zu schaffen.',
        'Paul Weber', '49160-123456789', 'paul@weber.invalid', 'NATUERLICHE_PERSON',
        'Teamfähigkeit und soziale Kompetenz durch gemeinsame Freizeitaktivitäten stärken.', 'Weberweg 5', '', 'Freising', '85354', true, 'AlpenFinanz',
        'DE19999000130000000013', 'BANKDEFF451', 'Becker', 'Sophie', NULL, '0151 34567890', 'sophie.becker@becker.invalid', 'Gartenstraße 22', NULL,
        'Starnberg', '82319'),
       ('10000000-0000-0000-0000-000000000014', 1, '2025-03-20 21:05:00', true, '2389', '2025-05-25 16:12:00', '2025-00-00/00113', 'ZAMMAD',
        '20000000-0000-0000-0000-000000000014', '', true, 'SITZUNGSVORLAGE_ERSTELLT', 'Nachbarschafts-Fahrradtour', '2025-05-31', '', '2025-06-05',
        'Geführte Nachbarschafts-Fahrradtour durch die Umgebung, inkl. Picknickpause und spielerischen Aufgaben für die Teilnehmer.', 'Seniorenfreizeitclub',
        '0200 00000000', 'seniorenclub3@freizeit.invalid', 'SONSTIGE_VEREINIGUNGEN', 'Bewegung und gesunde Aktivitäten für Senioren und Kinder fördern.',
        'Freizeitweg 6', '', 'München', '80331', false, 'Regionalbank Oberbayern', 'DE27999000140000000014', 'BANKDEFF016', NULL, NULL, NULL, NULL, NULL,
        NULL, NULL, NULL, NULL),
       ('10000000-0000-0000-0000-000000000015', 13, '2025-03-28 10:30:00', true, '2467', '2025-05-30 11:45:00', '2025-00-00/00114', 'E_AKTE',
        '20000000-0000-0000-0000-000000000015', 'Ergänzende Informationen angefordert', true, 'ABLEHNUNGSBESCHLUSS_ERHALTEN', 'Musiknachmittag im Jugendclub',
        '2025-05-10', '', '2025-05-20',
        'Musiknachmittag im Jugendclub mit Bandauftritten, Instrumentenvorstellung und gemeinsamer Jam-Session für alle Jugendlichen.', 'Musikverein Harmonie',
        '0211-99999999', 'musik@verein-harmonie.invalid', 'SONSTIGE_VEREINIGUNGEN', 'Musik und kulturelle Bildung im Stadtteil voranbringen.',
        'Harmonieplatz 4', '', 'Dachau', '85221', true, 'Isar Finanzhaus', 'DE35999000150000000015', 'BANKDEFF238', 'Hoffmann', 'Daniel', '0176 45678901',
        '089-456789', 'daniel.hoffmann@hoffmann.invalid', 'Schillerstraße 9', NULL, 'München', '80469'),
       ('10000000-0000-0000-0000-000000000016', 1, '2025-04-02 14:22:00', true, '2531', '2025-06-10 17:05:00', '2025-00-00/00115', 'ZAMMAD',
        '20000000-0000-0000-0000-000000000016', '', false, 'VERWENDUNGSNACHWEISE_GEPRUEFT', 'Kinderschmink-Event beim Dorffest', '2025-05-25', '',
        '2025-06-05', 'Kinderschminken beim Dorffest mit Spielstationen, kleinen Wettbewerben und Preisen für die kreativsten Motive.', 'Laura Becker',
        '0222 12345678', 'laura.becker@becker.invalid', 'NATUERLICHE_PERSON', 'Kreative Beschäftigungsmöglichkeiten für Kinder und Jugendliche bereitstellen.',
        'Beckerstraße 22', '', 'München', '80469', true, 'BayernTest Bank', 'DE43999000160000000016', 'BANKDEFF387', 'Schäfer', 'Marie', '0157 56789012',
        '089 987654', 'marie.schaefer@schäfer.invalid', 'Goethestraße 45', 'Wohnung 3', 'München', '80636'),
       ('10000000-0000-0000-0000-000000000017', 13, '2025-04-10 09:05:00', false, '2650', '2025-06-15 09:30:00', '2025-00-00/00116', 'E_AKTE',
        '20000000-0000-0000-0000-000000000017', '', false, 'SITZUNGSVORLAGE_ERSTELLT', 'Theaterworkshop für Schüler', '2025-05-30',
        'Wichtige Dokumente wie Kostenvoranschläge und Vereinbarungen lagen erst nach Projektbeginn vor, sodass der Antrag verspätet eingereicht wurde.',
        '2025-06-10',
        'Theaterworkshop für Schüler zur Förderung von Ausdruck, Kreativität und Selbstbewusstsein. Abschluss mit einer kleinen Aufführung für Eltern.',
        'Kinderschutzinitiative Stadtmitte', '0234 000000000', 'schutzinitiative@stadtmitte.invalid', 'SONSTIGE_VEREINIGUNGEN',
        'Schutz von Kindern und Förderung von Bildungsangeboten im Stadtteil.', 'Stadtmitteweg 7', '', 'München', '81249', true, 'Testbank Süd',
        'DE51999000170000000017', 'BANKDEFF094', 'Koch', 'Florian', NULL, '0160-67890123', 'florian.koch@koch.invalid', 'Mozartweg 33', NULL, 'München',
        '80796'),
       ('10000000-0000-0000-0000-000000000018', 1, '2025-04-15 17:30:00', true, '2789', '2025-06-20 18:50:00', '2025-00-00/00117', 'ZAMMAD',
        '20000000-0000-0000-0000-000000000018', 'Mittelabruf vorbereitet', false, 'VERWENDUNGSNACHWEISE_GEPRUEFT', 'Sommer-Picknick mit Spielaktionen',
        '2025-06-07', '', '2025-06-20',
        'Sommer-Picknick im Park mit Spielen, Musik und Wettbewerben für Kinder und Familien, inklusive kleiner Preise und Überraschungen.',
        'Fotoclub Am Fluss', '0249 999999999', 'foto@amfluss.invalid', 'SONSTIGE_VEREINIGUNGEN',
        'Fotografie und kreative Medienkompetenz bei Jugendlichen fördern.', 'Am Fluss 18', '', 'Ottobrunn', '85521', false, 'Stadtbank München',
        'DE59999000180000000018', 'BANKDEFF312', NULL, NULL, NULL, NULL, NULL, NULL, NULL, NULL, NULL),
       ('10000000-0000-0000-0000-000000000019', 1, '2025-04-22 06:50:00', true, '2841', '2025-06-25 12:22:00', '2025-00-00/00118', 'FACHANWENDUNG',
        '20000000-0000-0000-0000-000000000019', '', true, 'VERWENDUNGSNACHWEISE_GEPRUEFT', 'Hobby-Kunstkurs im Bürgerzentrum', '2025-06-05', '', '2025-06-18',
        'Hobby-Kunstkurs im Bürgerzentrum für Kinder und Jugendliche, die ihre Werke auf einer Abschlussausstellung präsentieren können.', 'Felix Hoffmann',
        '0250 12345678', 'felix.h77@hoffmann.invalid', 'NATUERLICHE_PERSON', 'Theatererfahrung für Kinder und Jugendliche anbieten.', 'Hoffmannstraße 2', '',
        'München', '80331', true, 'Kreditinstitut Isar', 'DE67999000190000000019', 'BANKDEFF058', 'Richter', 'Laura', '0249 999999999', '0151 78901234',
        'laura.richter@richter.invalid', 'Lessingstraße 11', NULL, 'Ottobrunn', '85521'),
       ('10000000-0000-0000-0000-000000000020', 1, '2025-04-30 20:12:00', true, '2937', '2025-07-05 16:40:00', '2025-00-00/00119', 'FACHANWENDUNG',
        '20000000-0000-0000-0000-000000000020', 'Projektbeschreibung unklar', true, 'RUECKZAHLUNG', 'Kulturabend mit lokalen Künstlern', '2025-06-11', '',
        '2025-06-25',
        'Kulturabend mit lokalen Künstlern, Musik, Lesung und Mitmachaktionen. Ziel ist, das kulturelle Leben im Stadtteil zu beleben und Bürger zu vernetzen.',
        'Tanzschule Dynamik GmbH', '0260 000000000', 'tanzschule@dynamik.invalid', 'JURISTISCHE_PERSON',
        'Tanz, Bewegung und Ausdrucksfähigkeit bei Jugendlichen fördern.', 'Dynamikweg 16', 'Wohnung 5a', 'München', '80331', true, 'Münchner Bürgerbank',
        'DE75999000200000000020', 'BANKDEFF463', 'Klein', 'Tobias', NULL, '0160 89012345', 'tobias.klein@klein.invalid', 'Kaiserstraße 28', NULL, 'München',
        '82256'),
       ('10000000-0000-0000-0000-000000000021', 13, '2025-05-03 11:45:00', true, '3055', '2025-07-10 10:15:00', '2025-00-00/00120', 'E_AKTE',
        '20000000-0000-0000-0000-000000000021', '', false, 'ABLEHNUNGSBESCHLUSS_ERHALTEN', 'Natur-Erlebnistag am Bach', '2025-06-14',
        'Aufgrund von Urlaub und Abwesenheit der Verantwortlichen kam es zu einer verspäteten Einreichung des Antrags.', '2025-07-01',
        'Natur-Erlebnistag am Bach für Kinder, mit Beobachtungen, Experimenten und Spielen, um das Bewusstsein für Umwelt und Natur zu fördern.',
        'Jugendzentrum Ost', '0271-99999999', 'jugendzentrum@ost.invalid', 'SONSTIGE_VEREINIGUNGEN',
        'Freizeitgestaltung und Gemeinschaftsaktionen für Kinder und Jugendliche anbieten.', 'Oststraße 14', '', 'München', '80469', false, 'AlpenFinanz',
        'DE83999000210000000021', 'BANKDEFF127', NULL, NULL, NULL, NULL, NULL, NULL, NULL, NULL, NULL),
       ('10000000-0000-0000-0000-000000000022', 22, '2025-05-10 22:05:00', false, '3122', '2025-07-15 14:50:00', '2025-00-00/00121', 'E_AKTE',
        '20000000-0000-0000-0000-000000000022', '', true, 'VERWENDUNGSNACHWEISE_GEPRUEFT', 'Sportaktion für Kinder im Park', '2025-06-25', '', '2025-07-05',
        'Sportaktion für Kinder im Park mit kleinen Turnieren, Spielen, Teamaufgaben und spielerischer Einführung in verschiedene Sportarten.', 'Carla Neumann',
        '0288 12345678', 'carla_neumann@neumann.invalid', 'NATUERLICHE_PERSON', 'Integration und soziale Kontakte in der Nachbarschaft verbessern.',
        'Neumannweg 9', '', 'München', '80339', true, 'München Sparkasse Test', 'DE91999000220000000022', 'BANKDEFF340', 'Wolf', 'Sebastian', '0176 90123456',
        '0176 90123456', 'sebastian.wolf@wolf.invalid', 'Bachstraße 5', NULL, 'Unterschleißheim', '85716'),
       ('10000000-0000-0000-0000-000000000023', 22, '2025-05-15 07:30:00', true, '3278', '2025-07-20 09:05:00', '2025-00-00/00122', 'ZAMMAD',
        '20000000-0000-0000-0000-000000000023', 'Sitzungsvorlage erstellt', false, 'ABGELEHNT_KEINE_RUECKMELDUNG', 'Bau eines Insektenhotels mit Schülern',
        '2025-06-28', '', '2025-07-10',
        'Bau eines Insektenhotels gemeinsam mit Schulkindern zur Förderung der Artenvielfalt. Kinder lernen über heimische Insekten und deren Lebensräume.',
        'Heimatverein Dorfplatz', '0299 000000000', 'heimatverein@dorfplatz.invalid', 'SONSTIGE_VEREINIGUNGEN',
        'Kreative Projekte und Nachbarschaftshilfe kombinieren.', 'Dorfplatz 3', '', 'Puchheim', '82178', false, 'Isar Finanzhaus', 'DE00999000230000000023',
        'BANKDEFF081', NULL, NULL, NULL, NULL, NULL, NULL, NULL, NULL, NULL),
       ('10000000-0000-0000-0000-000000000024', 22, '2025-05-20 19:55:00', false, '3345', '2025-07-30 17:22:00', '2025-00-00/00123', 'ZAMMAD',
        '20000000-0000-0000-0000-000000000024', '', false, 'AUSZAHLUNG', 'Kletter-Event für Kinder im Jugendclub', '2025-07-03',
        'Der Antrag konnte aufgrund von internen Abstimmungsprozessen innerhalb des Vereins erst nach Projektbeginn vollständig ausgefüllt werden.',
        '2025-07-15', 'Kletter-Event für Kinder im Jugendclub mit Sicherheitsanleitungen, Aufsicht durch Betreuer und spannenden Kletterparcours.',
        'Bürgerinitiative Grünflächen', '0310 999999999', 'buergerinitiative@gruen.invalid', 'SONSTIGE_VEREINIGUNGEN',
        'Engagement von Kindern und Familien in lokalen Projekten stärken.', 'Grüner Weg 12', '', 'München', '80331', false, 'Regionalbank Oberbayern',
        'DE08999000240000000024', 'BANKDEFF256', NULL, NULL, NULL, NULL, NULL, 'c/o Max Mustermann', NULL, NULL, NULL),
       ('10000000-0000-0000-0000-000000000025', 13, '2025-05-28 08:12:00', true, '3461', '2025-08-05 11:40:00', '2025-00-00/00124', 'E_AKTE',
        '20000000-0000-0000-0000-000000000025', '', true, 'VERWENDUNGSNACHWEISE_GEPRUEFT', 'Tanzworkshop für Jugendliche', '2025-07-15', '', '2025-07-25',
        'Tanzworkshop für Jugendliche mit verschiedenen Tanzstilen wie Hip-Hop, Jazz und Modern Dance, inklusive abschließendem Auftritt.', 'Jonas Schneider',
        '0320 12345678', 'jonas.schneider90@schneider.invalid', 'NATUERLICHE_PERSON', 'Kulturelle Bildung und musikalische Förderung in Schulen ermöglichen.',
        'Schneiderstraße 8', 'Garage 1', 'München', '80331', true, 'BayernTest Bank', 'DE16999000250000000025', 'BANKDEFF399', 'Neumann', 'Nina',
        '0157 01234567', '0221-1234567', 'nina_neumann@neumann.invalid', 'Finkenweg 14', NULL, 'München', '82178'),
       ('10000000-0000-0000-0000-000000000026', 13, '2025-06-02 16:45:00', false, '3589', '2025-08-15 15:12:00', '2025-00-00/00125', 'FACHANWENDUNG',
        '20000000-0000-0000-0000-000000000026', 'Zuwendungsbescheid erstellt', true, 'SITZUNGSVORLAGE_ERSTELLT', 'Koch-Event für Senioren', '2025-07-12',
        'Die Beantragung der Fördermittel wurde fälschlicherweise zunächst auf einen späteren Termin geplant und musste nachträglich korrigiert werden.',
        '2025-07-20', 'Koch-Event für Familien, bei dem gemeinsam kleine Gerichte zubereitet und Tipps für gesunde Ernährung vermittelt werden.',
        'Familienzentrum Sonnenschein', '0333 000000000', 'familienzentrum@sonnenschein.invalid', 'SONSTIGE_VEREINIGUNGEN',
        'Förderung der Kreativität von Schülergruppen in der Schule.', 'Sonnenscheinweg 5b', '', 'München', '81241', true, 'Münchner Bürgerbank',
        'DE24999000260000000026', 'BANKDEFF063', 'Braun', 'Johannes', NULL, '0160 12345678', 'johannes.braun@braun.invalid', 'Ahornweg 21', NULL, 'München',
        '80333'),
       ('10000000-0000-0000-0000-000000000027', 22, '2025-06-10 12:05:00', false, '3622', '2025-08-25 12:05:00', '2025-00-00/00126', 'E_AKTE',
        '20000000-0000-0000-0000-000000000027', '', true, 'BESCHLUSS_ERHALTEN', 'Sommerflohmarkt mit Spieleaktionen', '2025-07-18', '', '2025-07-30',
        'Sommerflohmarkt mit Spielaktionen und Informationsständen lokaler Vereine, um Gemeinschaft und Engagement zu fördern.', 'Schul-AG Kunst & Kultur',
        '0349 999999999', 'kunst.ag@schule.invalid', 'NATUERLICHE_PERSON', 'Kulturelle Aktivitäten und gemeinschaftliches Lernen anbieten.', 'Jugendstraße 6',
        '', 'München', '80335', false, 'Stadtbank München', 'DE32999000270000000027', 'BANKDEFF417', NULL, NULL, NULL, NULL, NULL, NULL, NULL, NULL, NULL),
       ('10000000-0000-0000-0000-000000000028', 1, '2025-06-18 21:30:00', true, '3745', '2025-09-01 17:50:00', '2025-00-00/00127', 'FACHANWENDUNG',
        '20000000-0000-0000-0000-000000000028', '', true, 'ABLEHNUNGSBESCHLUSS_ERHALTEN', 'Bastel- und Malworkshop im Bürgerzentrum', '2025-07-28', '',
        '2025-08-15', 'Bastel- und Malworkshop im Bürgerzentrum, bei dem Kinder und Jugendliche ihre Kreativität entfalten und kleine Kunstwerke herstellen.',
        'Marie Lehmann', '0350-12345678', 'marie.lehmann@lehmann.invalid', 'SONSTIGE_VEREINIGUNGEN', 'Musikalische Talente bei Kindern entdecken und fördern.',
        'Kulturweg 10', '', 'München', '80336', true, 'Testbank Süd', 'DE40999000280000000028', 'BANKDEFF102', 'Hartmann', 'Matthias', '0176 34567891',
        '0151 23456780', 'matthias.hartmann@hartmann.invalid', 'Wiesenstraße 8', NULL, 'Hohenbrunn', '85609'),
       ('10000000-0000-0000-0000-000000000029', 16, '2025-06-25 09:50:00', true, '3860', '2025-09-10 08:40:00', '2025-00-00/00128', 'ZAMMAD',
        '20000000-0000-0000-0000-000000000029', 'Antragsteller informiert', true, 'BESCHLUSS_ERHALTEN', 'Mini-Fußballturnier für Grundschüler', '2025-08-06',
        '', '2025-08-20', 'Mini-Fußballturnier für Grundschüler mit Fair-Play-Regeln, Medaillen für alle Teilnehmer und gemeinsamer Siegerehrung.',
        'Orchesterverein Stadtpark', '0360 000000000', 'orchester@stadtpark.invalid', 'SONSTIGE_VEREINIGUNGEN',
        'Spiel- und Freizeitmöglichkeiten für Kinder schaffen.', 'Bachstraße 19', '', 'Hohenbrunn', '85609', false, 'Kreditinstitut Isar',
        'DE48999000290000000029', 'BANKDEFF284', NULL, NULL, NULL, NULL, NULL, NULL, NULL, NULL, NULL),
       ('10000000-0000-0000-0000-000000000030', 13, '2025-07-01 14:12:00', false, '3921', '2025-09-20 14:30:00', '2025-00-00/00129', 'E_AKTE',
        '20000000-0000-0000-0000-000000000030', '', false, 'BESCHLUSS_ERHALTEN', 'Upcycling-Workshop für Jugendliche', '2025-08-15', '', '2025-08-25',
        'Upcycling-Workshop für Jugendliche, bei dem alte Materialien zu neuen Gegenständen gestaltet werden, inklusive kleiner Ausstellung.',
        'Kinder- und Jugendtheater e.V.', '0371 999999999', 'kinder.jugend@theater.invalid', 'NATUERLICHE_PERSON',
        'Kreative Ausdrucksmöglichkeiten für Jugendliche anbieten.', 'Parkweg 11a', '', 'München', '80331', false, 'Isar Finanzhaus',
        'DE56999000300000000030', 'BANKDEFF356', NULL, NULL, NULL, NULL, NULL, NULL, NULL, NULL, NULL),
       ('10000000-0000-0000-0000-000000000031', 16, '2025-07-08 18:35:00', true, '4055', '2025-09-30 18:05:00', '2025-00-00/00130', 'E_AKTE',
        '20000000-0000-0000-0000-000000000031', '', false, 'WARTEN_AUF_BUERGERRUECKMELDUNG', 'Konzert im Stadtpark', '2025-08-18', '', '2025-08-28',
        'Konzert im Stadtpark mit lokalen Bands, Sitzgelegenheiten, Snacks und Aktivitäten für Kinder und Erwachsene.', 'Emil Krüger', '0388 12345678',
        'emil.krueger@krueger.invalid', 'NATUERLICHE_PERSON', 'Kunst und Kultur für Kinder und Jugendliche erlebbar machen.', 'Fliederweg 7', '', 'München',
        '80331', false, 'AlpenFinanz', 'DE64999000310000000031', 'BANKDEFF019', NULL, NULL, NULL, NULL, NULL, NULL, NULL, NULL, NULL),
       ('10000000-0000-0000-0000-000000000032', 22, '2025-07-15 07:05:00', false, '4178', '2025-10-05 12:15:00', '2025-00-00/00131', 'FACHANWENDUNG',
        '20000000-0000-0000-0000-000000000032', 'Rückmeldung vom Bezirksausschuss erwartet', false, 'SITZUNGSVORLAGE_UEBERMITTELT',
        'Nachbarschafts-Spielnachmittag', '2025-08-20', '', '2025-09-05',
        'Nachbarschafts-Spielnachmittag mit Brettspielen, Kinderaktionen und kleinen Preisen für die Teilnehmer.', 'Hobby-Kunstkreis', '0399 000000000',
        'hobby.kunst@kreis.invalid', 'SONSTIGE_VEREINIGUNGEN', 'Freizeitangebote und Sportaktivitäten für Kinder organisieren.', 'Birkenstraße 21', '',
        'Fürstenfeldbruck', '82256', false, 'Münchner Bürgerbank', 'DE72999000320000000032', 'BANKDEFF471', NULL, NULL, NULL, NULL, NULL, NULL, NULL, NULL,
        NULL),
       ('10000000-0000-0000-0000-000000000033', 16, '2025-07-22 20:50:00', false, '4234', '2025-10-15 16:40:00', '2025-00-00/00132', 'E_AKTE',
        '20000000-0000-0000-0000-000000000033', '', true, 'SITZUNGSVORLAGE_ERSTELLT', 'Outdoor-Experimentier-Workshop für Kinder', '2025-08-28', '',
        '2025-09-20', 'Outdoor-Experimentier-Workshop für Kinder, bei dem naturwissenschaftliche Experimente im Freien durchgeführt werden.',
        'Verein für Nachbarschaftshilfe', '+49 410 99999999', 'nachbarschaft@hilfe.invalid', 'NATUERLICHE_PERSON',
        'Gemeinschaftliches Engagement und Kreativität von Kindern fördern.', 'Kirchweg 9', '10. Stock', 'München', '80331', false, 'BayernTest Bank',
        'DE80999000330000000033', 'BANKDEFF135', NULL, NULL, NULL, NULL, NULL, NULL, NULL, NULL, NULL),
       ('10000000-0000-0000-0000-000000000034', 16, '2025-07-30 13:15:00', false, '4367', '2025-10-25 10:22:00', '2025-00-00/00133', 'FACHANWENDUNG',
        '20000000-0000-0000-0000-000000000034', '', true, 'ABGESCHLOSSEN', 'Open-Air-Lesung im Dorfpark', '2025-09-10',
        'Unerwartete Krankheit des Antragstellers führte zu einer verspäteten Einreichung des Antrags.', '2025-09-22',
        'Open-Air-Lesung im Dorfpark, bei der lokale Autoren Geschichten für Kinder und Erwachsene vortragen.', 'Lukas Braun', '0420 12345678',
        'lukas.braun04@braun.invalid', 'JURISTISCHE_PERSON', 'Musikunterricht und kulturelle Bildung für Kinder ermöglichen.', 'Talstraße 8', '', 'München',
        '80333', false, 'Regionalbank Oberbayern', 'DE88999000340000000034', 'BANKDEFF268', NULL, NULL, NULL, NULL, NULL, NULL, NULL, NULL, NULL),
       ('10000000-0000-0000-0000-000000000035', 22, '2025-08-05 06:45:00', true, '4489', '2025-11-05 14:55:00', '2025-00-00/00134', 'FACHANWENDUNG',
        '20000000-0000-0000-0000-000000000035', 'Fristen verlängert', true, 'ABGELEHNT_NICHT_FOERDERFAEHIG', 'Kultur- und Musikfest im Stadtteil', '2025-09-14',
        '', '2025-10-05', 'Kultur- und Musikfest im Stadtteil mit Ständen, Workshops, Musik und kleinen Theateraufführungen.', 'Musikschule Klangwelt',
        '0433 000000000', 'musikschule@klangwelt.invalid', 'SONSTIGE_VEREINIGUNGEN', 'Kulturelle und kreative Projekte für Schüler fördern.', 'Gartenweg 13',
        '', 'Unterschleißheim', '85716', false, 'Stadtbank München', 'DE96999000350000000035', 'BANKDEFF093', NULL, NULL, NULL, NULL, NULL, NULL, NULL, NULL,
        NULL),
       ('10000000-0000-0000-0000-000000000036', 22, '2025-08-12 19:22:00', true, '4520', '2025-11-15 09:12:00', '2025-00-00/00135', 'FACHANWENDUNG',
        '20000000-0000-0000-0000-000000000036', '', false, 'VERWENDUNGSNACHWEISE_GEPRUEFT', 'Theaterprojekt mit Grundschulkindern', '2025-09-25',
        'Die notwendigen Unterlagen für den Antrag wurden verspätet von externen Partnern geliefert, sodass die Abgabe verzögert erfolgte.', '2025-10-10',
        'Theaterprojekt mit Grundschulkindern, bei dem die Kinder selbst Szenen entwickeln, Kostüme basteln und aufführen.', 'Schulverein Grundschule West',
        '0449 999999999', 'schulverein@grundschulewest.invalid', 'NATUERLICHE_PERSON', 'Soziale und kreative Kompetenzen bei Kindern und Jugendlichen stärken.',
        'Schillerstraße 4', '', 'München', '80331', true, 'Isar Finanzhaus', 'DE09999000360000000036', 'BANKDEFF325', 'Schulz', 'Michael', NULL,
        '0176 34567891', 'michael.schulz@schulz.invalid', 'Rosenweg 17', NULL, 'München', '80331'),
       ('10000000-0000-0000-0000-000000000037', 13, '2025-08-20 11:30:00', true, '4675', '2025-11-25 17:30:00', '2025-00-00/00136', 'ZAMMAD',
        '20000000-0000-0000-0000-000000000037', '', true, 'EINGEGANGEN', 'Sommer-Science-Day im Jugendzentrum', '2025-09-30', '', '2025-10-20',
        'Sommer-Science-Day im Jugendzentrum mit Experimenten, Mitmachaktionen und kleinen Wettbewerben für Kinder.', 'Sophie Richter', '0450 12345678',
        'sophie.richter@richter.invalid', 'SONSTIGE_VEREINIGUNGEN', 'Umwelt- und Naturbildung bei Kindern fördern.', 'Mozartweg 15', 'Dachgeschoss', 'München',
        '80331', false, 'Testbank Süd', 'DE17999000370000000037', 'BANKDEFF057', NULL, NULL, NULL, NULL, NULL, NULL, NULL, NULL, NULL),
       ('10000000-0000-0000-0000-000000000038', 22, '2025-08-28 23:05:00', false, '4781', '2025-12-01 11:45:00', '2025-00-00/00137', 'E_AKTE',
        '20000000-0000-0000-0000-000000000038', 'Unterlagen geprüft', true, 'VOLLSTAENDIG', 'Sportaktion für Senioren', '2025-10-05', '', '2025-10-30',
        'Sportaktion für Senioren mit Bewegungsübungen, Teamspielen und geselligem Beisammensein.', 'Verein für Umweltbildung', '0460 000000000',
        'umwelt@bildung.invalid', 'JURISTISCHE_PERSON', 'Kreative Workshops für Jugendliche und Senioren durchführen.', 'Goethestraße 3', '', 'München',
        '80331', true, 'Münchner Bürgerbank', 'DE25999000380000000038', 'BANKDEFF449', 'Keller', 'Katharina', '0157 45678912', '0160 56789023',
        'k.keller@keller.invalid', 'Birkenstraße 24', NULL, 'Dachau', '85221'),
       ('10000000-0000-0000-0000-000000000039', 1, '2025-09-03 08:55:00', false, '4823', '2025-12-10 15:05:00', '2025-00-00/00138', 'FACHANWENDUNG',
        '20000000-0000-0000-0000-000000000039', '', true, 'BESCHLUSS_ERHALTEN', 'Fotoworkshop für Jugendliche', '2025-10-12', '', '2025-11-05',
        'Fotoworkshop für Jugendliche, bei dem Grundlagen der Fotografie erlernt und eine kleine Ausstellung erstellt wird.', 'Kreativwerkstatt Jugendclub',
        '0471 999999999', 'jugendclub@kreativ.invalid', 'NATUERLICHE_PERSON', 'Sportliche Aktivitäten und Teamarbeit fördern.', 'Lindenweg 6c', '', 'München',
        '80331', false, 'Kreditinstitut Isar', 'DE33999000390000000039', 'BANKDEFF176', NULL, NULL, NULL, NULL, NULL, NULL, NULL, NULL, NULL),
       ('10000000-0000-0000-0000-000000000040', 22, '2025-09-10 16:20:00', false, '4950', '2025-12-20 13:40:00', '2025-00-00/00139', 'E_AKTE',
        '20000000-0000-0000-0000-000000000040', '', true, 'ABGELEHNT_NICHT_ZUSTAENDIG', 'Musik-AG-Auftritt im Bürgerhaus', '2025-10-25', '', '2025-11-15',
        'Musik-AG-Auftritt im Bürgerhaus mit Instrumental- und Gesangsvorführungen für Familien und Nachbarn.', 'Leon Fischer', '0488 12345678',
        'leon.fischer88@fischer.invalid', 'SONSTIGE_VEREINIGUNGEN', 'Theater-, Tanz- und Musikprojekte für Kinder anbieten.', 'Feldstraße 12', '', 'München',
        '80331', false, 'AlpenFinanz', 'DE41999000400000000040', 'BANKDEFF291', NULL, NULL, NULL, NULL, NULL, NULL, NULL, NULL, NULL),
       ('10000000-0000-0000-0000-000000000041', 22, '2025-09-18 10:45:00', true, '5022', '2025-12-30 17:50:00', '2025-00-00/00140', 'E_AKTE',
        '20000000-0000-0000-0000-000000000041', 'Abschließende Kontrolle', true, 'SITZUNGSVORLAGE_ERSTELLT', 'Kreativ-Workshop für Kinder', '2025-11-01', '',
        '2025-11-20', 'Kreativ-Workshop für Kinder mit Basteln, Malen und Spielaktionen, zum Abschluss kleine Ausstellung der Ergebnisse.',
        'Sportverein Blau-Weiß', '0499 000000000', 'sportverein@blau-weiss.invalid', 'SONSTIGE_VEREINIGUNGEN',
        'Soziale Kontakte und kulturelle Teilhabe für Familien ermöglichen.', 'Wiesenweg 2', '', 'München', '80335', true, 'BayernTest Bank',
        'DE49999000410000000041', 'BANKDEFF008', 'Maier', 'Thomas', '0160 56789023', '030 2345678', 'thomas.maier@maier.invalid', 'Eichenweg 19', NULL,
        'München', '85716'),
       ('10000000-0000-0000-0000-000000000042', 1, '2025-09-25 21:12:00', false, '5187', '2026-01-05 10:22:00', '2025-00-00/00141', 'E_AKTE',
        '20000000-0000-0000-0000-000000000042', '', true, 'ABGELEHNT_KEINE_RUECKMELDUNG', 'Töpferkurs im Gemeindezentrum', '2025-11-12', '', '2025-12-01',
        'Töpferkurs im Gemeindezentrum, bei dem Kinder und Jugendliche eigene kleine Keramikstücke herstellen.', 'Theatergruppe Kinderfreude',
        '+49 500 99999999', 'theatergruppe@kinderfreude.invalid', 'NATUERLICHE_PERSON', 'Integration und gemeinschaftliches Lernen in Projekten fördern.',
        'Eichenstraße 14', '', 'München', '80331', false, 'München Sparkasse Test', 'DE57999000420000000042', 'BANKDEFF362', NULL, NULL, NULL, NULL, NULL,
        NULL, NULL, NULL, NULL),
       ('10000000-0000-0000-0000-000000000043', 16, '2025-10-02 09:05:00', false, '5265', '2026-01-10 14:15:00', '2025-00-00/00142', 'FACHANWENDUNG',
        '20000000-0000-0000-0000-000000000043', '', false, 'WARTEN_AUF_BUERGERRUECKMELDUNG', 'Abschlussfest der Schul-AG', '2025-11-15', '', '2025-12-05',
        'Abschlussfest der Schul-AG mit Aufführungen, Spielen, Essen und Präsentation der Ergebnisse des Schuljahres.', 'Maja Zimmer', '0510-12345678',
        'maja.zimmer@zimmer.invalid', 'SONSTIGE_VEREINIGUNGEN', 'Kreative und künstlerische Fähigkeiten von Kindern und Jugendlichen entwickeln.',
        'Bergstraße 7', 'Appartment 96', 'München', '80331', false, 'Isar Finanzhaus', 'DE65999000430000000043', 'BANKDEFF149', NULL, NULL, NULL, NULL, NULL,
        NULL, NULL, NULL, NULL),
       ('10000000-0000-0000-0000-000000000044', 22, '2025-10-10 18:30:00', true, '5389', '2026-01-12 18:05:00', '2025-00-00/00143', 'E_AKTE',
        '20000000-0000-0000-0000-000000000044', 'Zuwendung genehmigt', false, 'VERWENDUNGSNACHWEISE_GEPRUEFT', 'Natur-Entdeckungstag für Kinder', '2025-11-28',
        '', '2025-12-20', 'Natur-Entdeckungstag für Kinder, bei dem Tiere und Pflanzen erforscht werden, inklusive Naturspiele und Ausflüge.',
        'Familienverein Nord', '0523 000000000', 'familienverein.nord@verein.invalid', 'SONSTIGE_VEREINIGUNGEN',
        'Nachbarschaftliches Engagement durch gemeinsame Aktionen stärken.', 'Seestraße 10', '', 'München', '80336', false, 'Münchner Bürgerbank',
        'DE73999000440000000044', 'BANKDEFF273', NULL, NULL, NULL, NULL, NULL, NULL, NULL, NULL, NULL),
       ('10000000-0000-0000-0000-000000000045', 13, '2025-10-18 07:12:00', true, '5490', '2026-01-13 09:50:00', '2025-00-00/00144', 'E_AKTE',
        '20000000-0000-0000-0000-000000000045', '', false, 'SITZUNGSVORLAGE_UEBERMITTELT', 'Bau eines kleinen Trimm-Dich-Pfads', '2025-12-02', '',
        '2025-12-25', 'Bau eines kleinen Trimm-Dich-Pfads im Park, inklusive Anleitung für Übungen, um Bewegung und Fitness zu fördern.',
        'Bürgergemeinschaft Süd', '0539 999999999', 'buergergemeinschaft@sued.invalid', 'JURISTISCHE_PERSON',
        'Kulturelle und sportliche Angebote für Senioren bereitstellen.', 'Hafenweg 5', '', 'München', '80331', false, 'Regionalbank Oberbayern',
        'DE81999000450000000045', 'BANKDEFF066', NULL, NULL, NULL, NULL, NULL, NULL, NULL, NULL, NULL),
       ('10000000-0000-0000-0000-000000000046', 8, '2025-10-25 20:45:00', false, '5555', '2026-01-14 15:22:00', '2025-00-00/00145', 'FACHANWENDUNG',
        '20000000-0000-0000-0000-000000000046', '', false, 'BESCHLUSS_ERHALTEN', 'Kinder-Sportfest im Park', '2025-12-15',
        'Technische Probleme mit dem Online-Portal verzögerten die fristgerechte Abgabe des Antrags.', '2025-12-31',
        'Kinder-Sportfest im Park mit Wettkämpfen, Teamspielen, Spaßaktionen und abschließendem Siegerehrung.', 'Jonas Klein', '0540 12345678',
        'jonas@klein.invalid', 'NATUERLICHE_PERSON', 'Förderung von Kreativität, Musik und Theater bei Jugendlichen.', 'Mühlenstraße 11', '', 'München',
        '80335', true, 'Stadtbank München', 'DE89999000460000000046', 'BANKDEFF418', 'Zimmermann', 'Claudia', '0151 67890134', '0540 12345678',
        'claudia.zimmermann@zimmermann.invalid', 'Goethestraße 30', NULL, 'Freising', '85354'),
       ('10000000-0000-0000-0000-000000000047', 8, '2025-11-01 11:30:00', true, '5678', '2026-01-14 17:40:00', '2025-00-00/00146', 'ZAMMAD',
        '20000000-0000-0000-0000-000000000047', 'Abrechnung prüfen', false, 'BESCHLUSS_ERHALTEN', 'Sommermalerei-Workshop für Jugendliche', '2025-12-20', '',
        '2026-01-15', 'Sommermalerei-Workshop für Jugendliche im Freien, bei dem verschiedene Techniken erlernt werden und Bilder ausgestellt werden.',
        'Kunst- und Kulturinitiative', '0550 000000000', 'kunst.kultur@initiative.invalid', 'SONSTIGE_VEREINIGUNGEN',
        'Bürgerbeteiligung und Zusammenarbeit in lokalen Projekten fördern.', 'Waldweg 8', '', 'München', '80331', false, 'Testbank Süd',
        'DE97999000470000000047', 'BANKDEFF121', NULL, NULL, NULL, NULL, NULL, NULL, NULL, NULL, NULL),
       ('10000000-0000-0000-0000-000000000048', 8, '2025-11-10 22:05:00', false, '5722', '2026-01-15 08:10:00', '2025-00-00/00147', 'E_AKTE',
        '20000000-0000-0000-0000-000000000048', '', false, 'ABLEHNUNGSBESCHLUSS_ERHALTEN', 'Nachbarschafts-Quizabend', '2025-12-28', '', '2026-01-25',
        'Nachbarschafts-Quizabend mit kleinen Preisen, Spielen und einer geselligen Runde für Erwachsene und Kinder.', 'Verein für Seniorenaktivitäten',
        '0561 999999999', 'seniorenaktiv@verein.invalid', 'JURISTISCHE_PERSON', 'Soziale, kreative und kulturelle Angebote für Kinder bereitstellen.',
        'Brunnenstraße 16', '', 'München', '80331', false, 'Isar Finanzhaus', 'DE08999000480000000048', 'BANKDEFF307', NULL, NULL, NULL, NULL, NULL, NULL,
        NULL, NULL, NULL),
       ('10000000-0000-0000-0000-000000000049', 22, '2025-11-18 08:40:00', true, '5844', '2026-01-15 12:55:00', '2025-00-00/00148', 'E_AKTE',
        '20000000-0000-0000-0000-000000000049', '', false, 'WARTEN_AUF_BUERGERRUECKMELDUNG', 'Open-Air-Kinoabend für Familien', '2026-01-12', '',
        '2026-02-05', 'Open-Air-Kinoabend für Familien, bei dem Filme gezeigt und Snacks angeboten werden, inklusive Spiele für Kinder.', 'Emily Wolf',
        '0578 12345678', 'emily.wolf04@wolf.invalid', 'NATUERLICHE_PERSON', 'Kulturelle und kreative Bildung in Schulen und Vereinen ermöglichen.', 'Postweg 9',
        '', 'München', '80331', false, 'BayernTest Bank', 'DE16999000490000000049', 'BANKDEFF052', NULL, NULL, NULL, NULL, NULL, NULL, NULL, NULL, NULL),
       ('10000000-0000-0000-0000-000000000050', 8, '2025-11-25 19:55:00', true, '5933', '2026-01-15 16:30:00', '2025-00-00/00149', 'FACHANWENDUNG',
        '20000000-0000-0000-0000-000000000050', 'Rückzahlung erfolgt', true, 'AUSZAHLUNG', 'Bastelaktion für das Dorffest', '2026-01-21', '', '2026-02-12',
        'Bastelaktion für das Dorffest, bei der Kinder gemeinsam Dekorationen herstellen und diese am Fest präsentieren.', 'Nachbarschaftsgartenverein',
        '0589 000000000', 'gartenverein@nachbarschaft.invalid', 'SONSTIGE_VEREINIGUNGEN',
        'Freizeitangebote, Sport und Kultur für Kinder und Familien bereitstellen.', 'Straße des Friedens 20', 'zu Händen: Büro Müller', 'Unterschleißheim',
        '85716', false, 'Münchner Bürgerbank', 'DE24999000500000000050', 'BANKDEFF390', NULL, NULL, NULL, NULL, NULL, NULL, NULL, NULL, NULL);

INSERT INTO finanzierungsmittel (id, kategorie, betrag, direktorium_notiz, finanzierung_id)
VALUES ('30000000-0000-0000-0000-000000000001', 'EINNAHMEN', 700, 'Einnahmen aus Teilnehmerbeiträgen entsprechen den Erwartungen.',
        '20000000-0000-0000-0000-000000000001'),
       ('30000000-0000-0000-0000-000000000002', 'EIGENMITTEL', 500, '', '20000000-0000-0000-0000-000000000001'),
       ('30000000-0000-0000-0000-000000000003', 'ZUWENDUNGEN_DRITTER', 0, '', '20000000-0000-0000-0000-000000000001'),
       ('30000000-0000-0000-0000-000000000004', 'EINNAHMEN', 0, '', '20000000-0000-0000-0000-000000000002'),
       ('30000000-0000-0000-0000-000000000005', 'EIGENMITTEL', 0, '', '20000000-0000-0000-0000-000000000002'),
       ('30000000-0000-0000-0000-000000000006', 'ZUWENDUNGEN_DRITTER', 0, '', '20000000-0000-0000-0000-000000000002'),
       ('30000000-0000-0000-0000-000000000007', 'EINNAHMEN', 0, '', '20000000-0000-0000-0000-000000000003'),
       ('30000000-0000-0000-0000-000000000008', 'EIGENMITTEL', 3500, '', '20000000-0000-0000-0000-000000000003'),
       ('30000000-0000-0000-0000-000000000009', 'ZUWENDUNGEN_DRITTER', 0, '', '20000000-0000-0000-0000-000000000003'),
       ('30000000-0000-0000-0000-000000000010', 'EINNAHMEN', 0, '', '20000000-0000-0000-0000-000000000004'),
       ('30000000-0000-0000-0000-000000000011', 'EIGENMITTEL', 0, '', '20000000-0000-0000-0000-000000000004'),
       ('30000000-0000-0000-0000-000000000012', 'ZUWENDUNGEN_DRITTER', 0, '', '20000000-0000-0000-0000-000000000004'),
       ('30000000-0000-0000-0000-000000000013', 'EINNAHMEN', 0, '', '20000000-0000-0000-0000-000000000005'),
       ('30000000-0000-0000-0000-000000000014', 'EIGENMITTEL', 0, '', '20000000-0000-0000-0000-000000000005'),
       ('30000000-0000-0000-0000-000000000015', 'ZUWENDUNGEN_DRITTER', 0, '', '20000000-0000-0000-0000-000000000005'),
       ('30000000-0000-0000-0000-000000000016', 'EINNAHMEN', 0, '', '20000000-0000-0000-0000-000000000006'),
       ('30000000-0000-0000-0000-000000000017', 'EIGENMITTEL', 0, '', '20000000-0000-0000-0000-000000000006'),
       ('30000000-0000-0000-0000-000000000018', 'ZUWENDUNGEN_DRITTER', 0, '', '20000000-0000-0000-0000-000000000006'),
       ('30000000-0000-0000-0000-000000000019', 'EINNAHMEN', 1000, 'Zusätzliche Mittel durch Sponsoring wurden berücksichtigt.',
        '20000000-0000-0000-0000-000000000007'),
       ('30000000-0000-0000-0000-000000000020', 'EIGENMITTEL', 2000, '', '20000000-0000-0000-0000-000000000007'),
       ('30000000-0000-0000-0000-000000000021', 'ZUWENDUNGEN_DRITTER', 2000, '', '20000000-0000-0000-0000-000000000007'),
       ('30000000-0000-0000-0000-000000000022', 'EINNAHMEN', 0, '', '20000000-0000-0000-0000-000000000008'),
       ('30000000-0000-0000-0000-000000000023', 'EIGENMITTEL', 0, '', '20000000-0000-0000-0000-000000000008'),
       ('30000000-0000-0000-0000-000000000024', 'ZUWENDUNGEN_DRITTER', 0, '', '20000000-0000-0000-0000-000000000008'),
       ('30000000-0000-0000-0000-000000000025', 'EINNAHMEN', 0, '', '20000000-0000-0000-0000-000000000009'),
       ('30000000-0000-0000-0000-000000000026', 'EIGENMITTEL', 0, '', '20000000-0000-0000-0000-000000000009'),
       ('30000000-0000-0000-0000-000000000027', 'ZUWENDUNGEN_DRITTER', 0, '', '20000000-0000-0000-0000-000000000009'),
       ('30000000-0000-0000-0000-000000000028', 'EINNAHMEN', 500, '', '20000000-0000-0000-0000-000000000010'),
       ('30000000-0000-0000-0000-000000000029', 'EIGENMITTEL', 2000, 'Die Einnahmen sind stabil und gut dokumentiert.', '20000000-0000-0000-0000-000000000010'),
       ('30000000-0000-0000-0000-000000000030', 'ZUWENDUNGEN_DRITTER', 0, '', '20000000-0000-0000-0000-000000000010'),
       ('30000000-0000-0000-0000-000000000031', 'EINNAHMEN', 0, '', '20000000-0000-0000-0000-000000000011'),
       ('30000000-0000-0000-0000-000000000032', 'EIGENMITTEL', 0, '', '20000000-0000-0000-0000-000000000011'),
       ('30000000-0000-0000-0000-000000000033', 'ZUWENDUNGEN_DRITTER', 0, '', '20000000-0000-0000-0000-000000000011'),
       ('30000000-0000-0000-0000-000000000034', 'EINNAHMEN', 1200, 'Einnahmen aus Verkauf von Materialien sind korrekt verbucht.',
        '20000000-0000-0000-0000-000000000012'),
       ('30000000-0000-0000-0000-000000000035', 'EIGENMITTEL', 200, '', '20000000-0000-0000-0000-000000000012'),
       ('30000000-0000-0000-0000-000000000036', 'ZUWENDUNGEN_DRITTER', 400, '', '20000000-0000-0000-0000-000000000012'),
       ('30000000-0000-0000-0000-000000000037', 'EINNAHMEN', 0, '', '20000000-0000-0000-0000-000000000013'),
       ('30000000-0000-0000-0000-000000000038', 'EIGENMITTEL', 0, '', '20000000-0000-0000-0000-000000000013'),
       ('30000000-0000-0000-0000-000000000039', 'ZUWENDUNGEN_DRITTER', 0, '', '20000000-0000-0000-0000-000000000013'),
       ('30000000-0000-0000-0000-000000000040', 'EINNAHMEN', 0, '', '20000000-0000-0000-0000-000000000014'),
       ('30000000-0000-0000-0000-000000000041', 'EIGENMITTEL', 0, '', '20000000-0000-0000-0000-000000000014'),
       ('30000000-0000-0000-0000-000000000042', 'ZUWENDUNGEN_DRITTER', 0, '', '20000000-0000-0000-0000-000000000014'),
       ('30000000-0000-0000-0000-000000000043', 'EINNAHMEN', 0, '', '20000000-0000-0000-0000-000000000015'),
       ('30000000-0000-0000-0000-000000000044', 'EIGENMITTEL', 0, '', '20000000-0000-0000-0000-000000000015'),
       ('30000000-0000-0000-0000-000000000045', 'ZUWENDUNGEN_DRITTER', 0, '', '20000000-0000-0000-0000-000000000015'),
       ('30000000-0000-0000-0000-000000000046', 'EINNAHMEN', 0, 'Es wird empfohlen, Einnahmen weiterhin sorgfältig zu überwachen.',
        '20000000-0000-0000-0000-000000000016'),
       ('30000000-0000-0000-0000-000000000047', 'EIGENMITTEL', 0, '', '20000000-0000-0000-0000-000000000016'),
       ('30000000-0000-0000-0000-000000000048', 'ZUWENDUNGEN_DRITTER', 0, '', '20000000-0000-0000-0000-000000000016'),
       ('30000000-0000-0000-0000-000000000049', 'EINNAHMEN', 400, '', '20000000-0000-0000-0000-000000000017'),
       ('30000000-0000-0000-0000-000000000050', 'EIGENMITTEL', 200, '', '20000000-0000-0000-0000-000000000017'),
       ('30000000-0000-0000-0000-000000000051', 'ZUWENDUNGEN_DRITTER', 0, '', '20000000-0000-0000-0000-000000000017'),
       ('30000000-0000-0000-0000-000000000052', 'EINNAHMEN', 0, '', '20000000-0000-0000-0000-000000000018'),
       ('30000000-0000-0000-0000-000000000053', 'EIGENMITTEL', 0, '', '20000000-0000-0000-0000-000000000018'),
       ('30000000-0000-0000-0000-000000000054', 'ZUWENDUNGEN_DRITTER', 0, '', '20000000-0000-0000-0000-000000000018'),
       ('30000000-0000-0000-0000-000000000055', 'EINNAHMEN', 0, '', '20000000-0000-0000-0000-000000000019'),
       ('30000000-0000-0000-0000-000000000056', 'EIGENMITTEL', 0, '', '20000000-0000-0000-0000-000000000019'),
       ('30000000-0000-0000-0000-000000000057', 'ZUWENDUNGEN_DRITTER', 0, '', '20000000-0000-0000-0000-000000000019'),
       ('30000000-0000-0000-0000-000000000058', 'EINNAHMEN', 0, '', '20000000-0000-0000-0000-000000000020'),
       ('30000000-0000-0000-0000-000000000059', 'EIGENMITTEL', 0, '', '20000000-0000-0000-0000-000000000020'),
       ('30000000-0000-0000-0000-000000000060', 'ZUWENDUNGEN_DRITTER', 0, '', '20000000-0000-0000-0000-000000000020'),
       ('30000000-0000-0000-0000-000000000061', 'EINNAHMEN', 0, '', '20000000-0000-0000-0000-000000000021'),
       ('30000000-0000-0000-0000-000000000062', 'EIGENMITTEL', 600, 'Zusätzliche Förderungen wurden ordnungsgemäß angerechnet.',
        '20000000-0000-0000-0000-000000000021'),
       ('30000000-0000-0000-0000-000000000063', 'ZUWENDUNGEN_DRITTER', 400, '', '20000000-0000-0000-0000-000000000021'),
       ('30000000-0000-0000-0000-000000000064', 'EINNAHMEN', 0, '', '20000000-0000-0000-0000-000000000022'),
       ('30000000-0000-0000-0000-000000000065', 'EIGENMITTEL', 0, '', '20000000-0000-0000-0000-000000000022'),
       ('30000000-0000-0000-0000-000000000066', 'ZUWENDUNGEN_DRITTER', 0, '', '20000000-0000-0000-0000-000000000022'),
       ('30000000-0000-0000-0000-000000000067', 'EINNAHMEN', 0, '', '20000000-0000-0000-0000-000000000023'),
       ('30000000-0000-0000-0000-000000000068', 'EIGENMITTEL', 0, '', '20000000-0000-0000-0000-000000000023'),
       ('30000000-0000-0000-0000-000000000069', 'ZUWENDUNGEN_DRITTER', 0, '', '20000000-0000-0000-0000-000000000023'),
       ('30000000-0000-0000-0000-000000000070', 'EINNAHMEN', 0, '', '20000000-0000-0000-0000-000000000024'),
       ('30000000-0000-0000-0000-000000000071', 'EIGENMITTEL', 0, '', '20000000-0000-0000-0000-000000000024'),
       ('30000000-0000-0000-0000-000000000072', 'ZUWENDUNGEN_DRITTER', 0, '', '20000000-0000-0000-0000-000000000024'),
       ('30000000-0000-0000-0000-000000000073', 'EINNAHMEN', 300, 'Einnahmen aus Ticketverkäufen liegen leicht über Plan.',
        '20000000-0000-0000-0000-000000000025'),
       ('30000000-0000-0000-0000-000000000074', 'EIGENMITTEL', 300, '', '20000000-0000-0000-0000-000000000025'),
       ('30000000-0000-0000-0000-000000000075', 'ZUWENDUNGEN_DRITTER', 200, '', '20000000-0000-0000-0000-000000000025'),
       ('30000000-0000-0000-0000-000000000076', 'EINNAHMEN', 0, '', '20000000-0000-0000-0000-000000000026'),
       ('30000000-0000-0000-0000-000000000077', 'EIGENMITTEL', 0, '', '20000000-0000-0000-0000-000000000026'),
       ('30000000-0000-0000-0000-000000000078', 'ZUWENDUNGEN_DRITTER', 0, '', '20000000-0000-0000-0000-000000000026'),
       ('30000000-0000-0000-0000-000000000079', 'EINNAHMEN', 500, 'Die Kalkulation der Einnahmen ist nachvollziehbar und transparent.',
        '20000000-0000-0000-0000-000000000027'),
       ('30000000-0000-0000-0000-000000000080', 'EIGENMITTEL', 700, '', '20000000-0000-0000-0000-000000000027'),
       ('30000000-0000-0000-0000-000000000081', 'ZUWENDUNGEN_DRITTER', 0, '', '20000000-0000-0000-0000-000000000027'),
       ('30000000-0000-0000-0000-000000000082', 'EINNAHMEN', 0, '', '20000000-0000-0000-0000-000000000028'),
       ('30000000-0000-0000-0000-000000000083', 'EIGENMITTEL', 0, '', '20000000-0000-0000-0000-000000000028'),
       ('30000000-0000-0000-0000-000000000084', 'ZUWENDUNGEN_DRITTER', 0, '', '20000000-0000-0000-0000-000000000028'),
       ('30000000-0000-0000-0000-000000000085', 'EINNAHMEN', 0, '', '20000000-0000-0000-0000-000000000029'),
       ('30000000-0000-0000-0000-000000000086', 'EIGENMITTEL', 0, '', '20000000-0000-0000-0000-000000000029'),
       ('30000000-0000-0000-0000-000000000087', 'ZUWENDUNGEN_DRITTER', 0, '', '20000000-0000-0000-0000-000000000029'),
       ('30000000-0000-0000-0000-000000000088', 'EINNAHMEN', 0, '', '20000000-0000-0000-0000-000000000030'),
       ('30000000-0000-0000-0000-000000000089', 'EIGENMITTEL', 0, '', '20000000-0000-0000-0000-000000000030'),
       ('30000000-0000-0000-0000-000000000090', 'ZUWENDUNGEN_DRITTER', 0, '', '20000000-0000-0000-0000-000000000030'),
       ('30000000-0000-0000-0000-000000000091', 'EINNAHMEN', 600, 'Einnahmen aus Spenden flossen termingerecht ein.', '20000000-0000-0000-0000-000000000031'),
       ('30000000-0000-0000-0000-000000000092', 'EIGENMITTEL', 300, '', '20000000-0000-0000-0000-000000000031'),
       ('30000000-0000-0000-0000-000000000093', 'ZUWENDUNGEN_DRITTER', 100, '', '20000000-0000-0000-0000-000000000031'),
       ('30000000-0000-0000-0000-000000000094', 'EINNAHMEN', 0, '', '20000000-0000-0000-0000-000000000032'),
       ('30000000-0000-0000-0000-000000000095', 'EIGENMITTEL', 0, '', '20000000-0000-0000-0000-000000000032'),
       ('30000000-0000-0000-0000-000000000096', 'ZUWENDUNGEN_DRITTER', 0, '', '20000000-0000-0000-0000-000000000032'),
       ('30000000-0000-0000-0000-000000000097', 'EINNAHMEN', 0, '', '20000000-0000-0000-0000-000000000033'),
       ('30000000-0000-0000-0000-000000000098', 'EIGENMITTEL', 400, 'Einnahmen entsprechen dem Budgetplan, keine Abweichungen.',
        '20000000-0000-0000-0000-000000000033'),
       ('30000000-0000-0000-0000-000000000099', 'ZUWENDUNGEN_DRITTER', 0, '', '20000000-0000-0000-0000-000000000033'),
       ('30000000-0000-0000-0000-000000000100', 'EINNAHMEN', 0, '', '20000000-0000-0000-0000-000000000034'),
       ('30000000-0000-0000-0000-000000000101', 'EIGENMITTEL', 0, '', '20000000-0000-0000-0000-000000000034'),
       ('30000000-0000-0000-0000-000000000102', 'ZUWENDUNGEN_DRITTER', 0, '', '20000000-0000-0000-0000-000000000034'),
       ('30000000-0000-0000-0000-000000000103', 'EINNAHMEN', 0, '', '20000000-0000-0000-0000-000000000035'),
       ('30000000-0000-0000-0000-000000000104', 'EIGENMITTEL', 0, '', '20000000-0000-0000-0000-000000000035'),
       ('30000000-0000-0000-0000-000000000105', 'ZUWENDUNGEN_DRITTER', 0, '', '20000000-0000-0000-0000-000000000035'),
       ('30000000-0000-0000-0000-000000000106', 'EINNAHMEN', 0, '', '20000000-0000-0000-0000-000000000036'),
       ('30000000-0000-0000-0000-000000000107', 'EIGENMITTEL', 0, '', '20000000-0000-0000-0000-000000000036'),
       ('30000000-0000-0000-0000-000000000108', 'ZUWENDUNGEN_DRITTER', 0, '', '20000000-0000-0000-0000-000000000036'),
       ('30000000-0000-0000-0000-000000000109', 'EINNAHMEN', 500, '', '20000000-0000-0000-0000-000000000037'),
       ('30000000-0000-0000-0000-000000000110', 'EIGENMITTEL', 200, '', '20000000-0000-0000-0000-000000000037'),
       ('30000000-0000-0000-0000-000000000111', 'ZUWENDUNGEN_DRITTER', 0, '', '20000000-0000-0000-0000-000000000037'),
       ('30000000-0000-0000-0000-000000000112', 'EINNAHMEN', 0, '', '20000000-0000-0000-0000-000000000038'),
       ('30000000-0000-0000-0000-000000000113', 'EIGENMITTEL', 0, '', '20000000-0000-0000-0000-000000000038'),
       ('30000000-0000-0000-0000-000000000114', 'ZUWENDUNGEN_DRITTER', 0, '', '20000000-0000-0000-0000-000000000038'),
       ('30000000-0000-0000-0000-000000000115', 'EINNAHMEN', 0, '', '20000000-0000-0000-0000-000000000039'),
       ('30000000-0000-0000-0000-000000000116', 'EIGENMITTEL', 50, '', '20000000-0000-0000-0000-000000000039'),
       ('30000000-0000-0000-0000-000000000117', 'ZUWENDUNGEN_DRITTER', 0, '', '20000000-0000-0000-0000-000000000039'),
       ('30000000-0000-0000-0000-000000000118', 'EINNAHMEN', 0, '', '20000000-0000-0000-0000-000000000040'),
       ('30000000-0000-0000-0000-000000000119', 'EIGENMITTEL', 0, '', '20000000-0000-0000-0000-000000000040'),
       ('30000000-0000-0000-0000-000000000120', 'ZUWENDUNGEN_DRITTER', 0, '', '20000000-0000-0000-0000-000000000040'),
       ('30000000-0000-0000-0000-000000000121', 'EINNAHMEN', 0, '', '20000000-0000-0000-0000-000000000041'),
       ('30000000-0000-0000-0000-000000000122', 'EIGENMITTEL', 0, '', '20000000-0000-0000-0000-000000000041'),
       ('30000000-0000-0000-0000-000000000123', 'ZUWENDUNGEN_DRITTER', 0, '', '20000000-0000-0000-0000-000000000041'),
       ('30000000-0000-0000-0000-000000000124', 'EINNAHMEN', 0, '', '20000000-0000-0000-0000-000000000042'),
       ('30000000-0000-0000-0000-000000000125', 'EIGENMITTEL', 0, '', '20000000-0000-0000-0000-000000000042'),
       ('30000000-0000-0000-0000-000000000126', 'ZUWENDUNGEN_DRITTER', 0, '', '20000000-0000-0000-0000-000000000042'),
       ('30000000-0000-0000-0000-000000000127', 'EINNAHMEN', 400, '', '20000000-0000-0000-0000-000000000043'),
       ('30000000-0000-0000-0000-000000000128', 'EIGENMITTEL', 0, '', '20000000-0000-0000-0000-000000000043'),
       ('30000000-0000-0000-0000-000000000129', 'ZUWENDUNGEN_DRITTER', 100, 'Einnahmen aus Fördermitteln sind korrekt zugeordnet.',
        '20000000-0000-0000-0000-000000000043'),
       ('30000000-0000-0000-0000-000000000130', 'EINNAHMEN', 0, '', '20000000-0000-0000-0000-000000000044'),
       ('30000000-0000-0000-0000-000000000131', 'EIGENMITTEL', 0, '', '20000000-0000-0000-0000-000000000044'),
       ('30000000-0000-0000-0000-000000000132', 'ZUWENDUNGEN_DRITTER', 0, '', '20000000-0000-0000-0000-000000000044'),
       ('30000000-0000-0000-0000-000000000133', 'EINNAHMEN', 0, '', '20000000-0000-0000-0000-000000000045'),
       ('30000000-0000-0000-0000-000000000134', 'EIGENMITTEL', 0, '', '20000000-0000-0000-0000-000000000045'),
       ('30000000-0000-0000-0000-000000000135', 'ZUWENDUNGEN_DRITTER', 0, '', '20000000-0000-0000-0000-000000000045'),
       ('30000000-0000-0000-0000-000000000136', 'EINNAHMEN', 0, '', '20000000-0000-0000-0000-000000000046'),
       ('30000000-0000-0000-0000-000000000137', 'EIGENMITTEL', 0, '', '20000000-0000-0000-0000-000000000046'),
       ('30000000-0000-0000-0000-000000000138', 'ZUWENDUNGEN_DRITTER', 0, '', '20000000-0000-0000-0000-000000000046'),
       ('30000000-0000-0000-0000-000000000139', 'EINNAHMEN', 100, 'Zusätzliche Einnahmen durch Werbepartner wurden berücksichtigt.',
        '20000000-0000-0000-0000-000000000047'),
       ('30000000-0000-0000-0000-000000000140', 'EIGENMITTEL', 0, '', '20000000-0000-0000-0000-000000000047'),
       ('30000000-0000-0000-0000-000000000141', 'ZUWENDUNGEN_DRITTER', 0, '', '20000000-0000-0000-0000-000000000047'),
       ('30000000-0000-0000-0000-000000000142', 'EINNAHMEN', 0, '', '20000000-0000-0000-0000-000000000048'),
       ('30000000-0000-0000-0000-000000000143', 'EIGENMITTEL', 0, '', '20000000-0000-0000-0000-000000000048'),
       ('30000000-0000-0000-0000-000000000144', 'ZUWENDUNGEN_DRITTER', 0, '', '20000000-0000-0000-0000-000000000048'),
       ('30000000-0000-0000-0000-000000000145', 'EINNAHMEN', 0, '', '20000000-0000-0000-0000-000000000049'),
       ('30000000-0000-0000-0000-000000000146', 'EIGENMITTEL', 0, '', '20000000-0000-0000-0000-000000000049'),
       ('30000000-0000-0000-0000-000000000147', 'ZUWENDUNGEN_DRITTER', 0, '', '20000000-0000-0000-0000-000000000049'),
       ('30000000-0000-0000-0000-000000000148', 'EINNAHMEN', 0, '', '20000000-0000-0000-0000-000000000050'),
       ('30000000-0000-0000-0000-000000000149', 'EIGENMITTEL', 0, '', '20000000-0000-0000-0000-000000000050'),
       ('30000000-0000-0000-0000-000000000150', 'ZUWENDUNGEN_DRITTER', 0, '', '20000000-0000-0000-0000-000000000050');

INSERT INTO voraussichtliche_ausgabe (id, kategorie, betrag, direktorium_notiz, finanzierung_id)
VALUES ('40000000-0000-0000-0000-000000000001', 'Personalausgaben', 5023.00, '', '20000000-0000-0000-0000-000000000001'),
       ('40000000-0000-0000-0000-000000000002', 'Ausgaben für Honorarkräfte', 0.00, '', '20000000-0000-0000-0000-000000000001'),
       ('40000000-0000-0000-0000-000000000003', 'Sachkosten', 1000.45, '', '20000000-0000-0000-0000-000000000001'),
       ('40000000-0000-0000-0000-000000000004', 'Personalausgaben', 0.00, '', '20000000-0000-0000-0000-000000000002'),
       ('40000000-0000-0000-0000-000000000005', 'Ausgaben für Honorarkräfte', 1567.22, '', '20000000-0000-0000-0000-000000000002'),
       ('40000000-0000-0000-0000-000000000006', 'Sachkosten', 0.00, '', '20000000-0000-0000-0000-000000000002'),
       ('40000000-0000-0000-0000-000000000007', 'Personalausgaben', 0.00, '', '20000000-0000-0000-0000-000000000003'),
       ('40000000-0000-0000-0000-000000000008', 'Ausgaben für Honorarkräfte', 0.00, '', '20000000-0000-0000-0000-000000000003'),
       ('40000000-0000-0000-0000-000000000009', 'Sachkosten', 12884.11, '', '20000000-0000-0000-0000-000000000003'),
       ('40000000-0000-0000-0000-000000000010', 'Personalausgaben', 0.00, '', '20000000-0000-0000-0000-000000000004'),
       ('40000000-0000-0000-0000-000000000011', 'Ausgaben für Honorarkräfte', 0.00, '', '20000000-0000-0000-0000-000000000004'),
       ('40000000-0000-0000-0000-000000000012', 'Sachkosten', 745.90, '', '20000000-0000-0000-0000-000000000004'),
       ('40000000-0000-0000-0000-000000000013', 'Personalausgaben', 1000.00, 'Personalausgaben liegen im geplanten Rahmen.',
        '20000000-0000-0000-0000-000000000005'),
       ('40000000-0000-0000-0000-000000000014', 'Ausgaben für Honorarkräfte', 1000.00, '', '20000000-0000-0000-0000-000000000005'),
       ('40000000-0000-0000-0000-000000000015', 'Sachkosten', 3298.33, '', '20000000-0000-0000-0000-000000000005'),
       ('40000000-0000-0000-0000-000000000016', 'Raummiete', 1000.00, '', '20000000-0000-0000-0000-000000000005'),
       ('40000000-0000-0000-0000-000000000017', 'Personalausgaben', 0.00, '', '20000000-0000-0000-0000-000000000006'),
       ('40000000-0000-0000-0000-000000000018', 'Ausgaben für Honorarkräfte', 0.00, '', '20000000-0000-0000-0000-000000000006'),
       ('40000000-0000-0000-0000-000000000019', 'Sachkosten', 214.77, '', '20000000-0000-0000-0000-000000000006'),
       ('40000000-0000-0000-0000-000000000020', 'Personalausgaben', 10000.00, '', '20000000-0000-0000-0000-000000000007'),
       ('40000000-0000-0000-0000-000000000021', 'Ausgaben für Honorarkräfte', 5000.00, 'Honorarkräfte wurden gemäß Vertrag korrekt abgerechnet.',
        '20000000-0000-0000-0000-000000000007'),
       ('40000000-0000-0000-0000-000000000022', 'Sachkosten', 12000.50, '', '20000000-0000-0000-0000-000000000007'),
       ('40000000-0000-0000-0000-000000000023', 'Personalausgaben', 3020.12, '', '20000000-0000-0000-0000-000000000008'),
       ('40000000-0000-0000-0000-000000000024', 'Ausgaben für Honorarkräfte', 0.00, '', '20000000-0000-0000-0000-000000000008'),
       ('40000000-0000-0000-0000-000000000025', 'Sachkosten', 300.00, '', '20000000-0000-0000-0000-000000000008'),
       ('40000000-0000-0000-0000-000000000026', 'Personalausgaben', 0.00, '', '20000000-0000-0000-0000-000000000009'),
       ('40000000-0000-0000-0000-000000000027', 'Ausgaben für Honorarkräfte', 0.00, '', '20000000-0000-0000-0000-000000000009'),
       ('40000000-0000-0000-0000-000000000028', 'Sachkosten', 984.66, '', '20000000-0000-0000-0000-000000000009'),
       ('40000000-0000-0000-0000-000000000029', 'Raummiete', 300.00, 'Raummieten sind ordnungsgemäß verbucht.', '20000000-0000-0000-0000-000000000009'),
       ('40000000-0000-0000-0000-000000000030', 'Personalausgaben', 0.00, '', '20000000-0000-0000-0000-000000000010'),
       ('40000000-0000-0000-0000-000000000031', 'Ausgaben für Honorarkräfte', 0.00, '', '20000000-0000-0000-0000-000000000010'),
       ('40000000-0000-0000-0000-000000000032', 'Sachkosten', 7388.11, '', '20000000-0000-0000-0000-000000000010'),
       ('40000000-0000-0000-0000-000000000033', 'Personalausgaben', 0.00, '', '20000000-0000-0000-0000-000000000011'),
       ('40000000-0000-0000-0000-000000000034', 'Ausgaben für Honorarkräfte', 0.00, '', '20000000-0000-0000-0000-000000000011'),
       ('40000000-0000-0000-0000-000000000035', 'Sachkosten', 312.44, '', '20000000-0000-0000-0000-000000000011'),
       ('40000000-0000-0000-0000-000000000036', 'Personalausgaben', 0.00, '', '20000000-0000-0000-0000-000000000012'),
       ('40000000-0000-0000-0000-000000000037', 'Ausgaben für Honorarkräfte', 0.00, '', '20000000-0000-0000-0000-000000000012'),
       ('40000000-0000-0000-0000-000000000038', 'Sachkosten', 6489.77, '', '20000000-0000-0000-0000-000000000012'),
       ('40000000-0000-0000-0000-000000000039', 'Personalausgaben', 0.00, '', '20000000-0000-0000-0000-000000000013'),
       ('40000000-0000-0000-0000-000000000040', 'Ausgaben für Honorarkräfte', 0.00, '', '20000000-0000-0000-0000-000000000013'),
       ('40000000-0000-0000-0000-000000000041', 'Sachkosten', 0.00, '', '20000000-0000-0000-0000-000000000013'),
       ('40000000-0000-0000-0000-000000000042', 'Reise- und Transportkosten', 1275.88, '', '20000000-0000-0000-0000-000000000013'),
       ('40000000-0000-0000-0000-000000000043', 'Personalausgaben', 9850.41, '', '20000000-0000-0000-0000-000000000014'),
       ('40000000-0000-0000-0000-000000000044', 'Ausgaben für Honorarkräfte', 0.00, '', '20000000-0000-0000-0000-000000000014'),
       ('40000000-0000-0000-0000-000000000045', 'Sachkosten', 0.00, '', '20000000-0000-0000-0000-000000000014'),
       ('40000000-0000-0000-0000-000000000046', 'Personalausgaben', 2330.55, '', '20000000-0000-0000-0000-000000000015'),
       ('40000000-0000-0000-0000-000000000047', 'Ausgaben für Honorarkräfte', 0.00, '', '20000000-0000-0000-0000-000000000015'),
       ('40000000-0000-0000-0000-000000000048', 'Sachkosten', 0.00, '', '20000000-0000-0000-0000-000000000015'),
       ('40000000-0000-0000-0000-000000000049', 'Personalausgaben', 667.13, '', '20000000-0000-0000-0000-000000000016'),
       ('40000000-0000-0000-0000-000000000050', 'Ausgaben für Honorarkräfte', 0.00, '', '20000000-0000-0000-0000-000000000016'),
       ('40000000-0000-0000-0000-000000000051', 'Sachkosten', 0.00, '', '20000000-0000-0000-0000-000000000016'),
       ('40000000-0000-0000-0000-000000000052', 'Personalausgaben', 0.00, '', '20000000-0000-0000-0000-000000000017'),
       ('40000000-0000-0000-0000-000000000053', 'Ausgaben für Honorarkräfte', 0.00, '', '20000000-0000-0000-0000-000000000017'),
       ('40000000-0000-0000-0000-000000000054', 'Sachkosten', 2482.90, '', '20000000-0000-0000-0000-000000000017'),
       ('40000000-0000-0000-0000-000000000055', 'Personalausgaben', 0.00, '', '20000000-0000-0000-0000-000000000018'),
       ('40000000-0000-0000-0000-000000000056', 'Ausgaben für Honorarkräfte', 5432.12, '', '20000000-0000-0000-0000-000000000018'),
       ('40000000-0000-0000-0000-000000000057', 'Sachkosten', 0.00, '', '20000000-0000-0000-0000-000000000018'),
       ('40000000-0000-0000-0000-000000000058', 'Personalausgaben', 0.00, '', '20000000-0000-0000-0000-000000000019'),
       ('40000000-0000-0000-0000-000000000059', 'Ausgaben für Honorarkräfte', 0.00, '', '20000000-0000-0000-0000-000000000019'),
       ('40000000-0000-0000-0000-000000000060', 'Sachkosten', 991.34, '', '20000000-0000-0000-0000-000000000019'),
       ('40000000-0000-0000-0000-000000000061', 'Personalausgaben', 4200.22, '', '20000000-0000-0000-0000-000000000020'),
       ('40000000-0000-0000-0000-000000000062', 'Ausgaben für Honorarkräfte', 0.00, '', '20000000-0000-0000-0000-000000000020'),
       ('40000000-0000-0000-0000-000000000063', 'Sachkosten', 0.00, '', '20000000-0000-0000-0000-000000000020'),
       ('40000000-0000-0000-0000-000000000064', 'Personalausgaben', 8543.66, '', '20000000-0000-0000-0000-000000000021'),
       ('40000000-0000-0000-0000-000000000065', 'Ausgaben für Honorarkräfte', 0.00, 'Die Ausgaben für Veranstaltungsorganisation entsprechen den Vorgaben.',
        '20000000-0000-0000-0000-000000000021'),
       ('40000000-0000-0000-0000-000000000066', 'Sachkosten', 0.00, '', '20000000-0000-0000-0000-000000000021'),
       ('40000000-0000-0000-0000-000000000067', 'Personalausgaben', 0.00, '', '20000000-0000-0000-0000-000000000022'),
       ('40000000-0000-0000-0000-000000000068', 'Ausgaben für Honorarkräfte', 321.77, '', '20000000-0000-0000-0000-000000000022'),
       ('40000000-0000-0000-0000-000000000069', 'Sachkosten', 0.00, '', '20000000-0000-0000-0000-000000000022'),
       ('40000000-0000-0000-0000-000000000070', 'Personalausgaben', 0.00, '', '20000000-0000-0000-0000-000000000023'),
       ('40000000-0000-0000-0000-000000000071', 'Ausgaben für Honorarkräfte', 2850.44, '', '20000000-0000-0000-0000-000000000023'),
       ('40000000-0000-0000-0000-000000000072', 'Sachkosten', 0.00, '', '20000000-0000-0000-0000-000000000023'),
       ('40000000-0000-0000-0000-000000000073', 'Personalausgaben', 1130.88, '', '20000000-0000-0000-0000-000000000024'),
       ('40000000-0000-0000-0000-000000000074', 'Ausgaben für Honorarkräfte', 0.00, '', '20000000-0000-0000-0000-000000000024'),
       ('40000000-0000-0000-0000-000000000075', 'Sachkosten', 0.00, '', '20000000-0000-0000-0000-000000000024'),
       ('40000000-0000-0000-0000-000000000076', 'Personalausgaben', 0.00, '', '20000000-0000-0000-0000-000000000025'),
       ('40000000-0000-0000-0000-000000000077', 'Ausgaben für Honorarkräfte', 0.00, '', '20000000-0000-0000-0000-000000000025'),
       ('40000000-0000-0000-0000-000000000078', 'Sachkosten', 3776.55, 'Alle Rechnungen wurden fristgerecht geprüft und bezahlt.',
        '20000000-0000-0000-0000-000000000025'),
       ('40000000-0000-0000-0000-000000000079', 'Personalausgaben', 0.00, '', '20000000-0000-0000-0000-000000000026'),
       ('40000000-0000-0000-0000-000000000080', 'Ausgaben für Honorarkräfte', 0.00, '', '20000000-0000-0000-0000-000000000026'),
       ('40000000-0000-0000-0000-000000000081', 'Sachkosten', 875.99, '', '20000000-0000-0000-0000-000000000026'),
       ('40000000-0000-0000-0000-000000000082', 'Personalausgaben', 0.00, '', '20000000-0000-0000-0000-000000000027'),
       ('40000000-0000-0000-0000-000000000083', 'Ausgaben für Honorarkräfte', 0.00, '', '20000000-0000-0000-0000-000000000027'),
       ('40000000-0000-0000-0000-000000000084', 'Sachkosten', 5002.11, '', '20000000-0000-0000-0000-000000000027'),
       ('40000000-0000-0000-0000-000000000085', 'Öffentlichkeitsarbeit', 3000.00, '', '20000000-0000-0000-0000-000000000027'),
       ('40000000-0000-0000-0000-000000000086', 'Personalausgaben', 1444.66, '', '20000000-0000-0000-0000-000000000028'),
       ('40000000-0000-0000-0000-000000000087', 'Ausgaben für Honorarkräfte', 0.00, '', '20000000-0000-0000-0000-000000000028'),
       ('40000000-0000-0000-0000-000000000088', 'Sachkosten', 0.00, '', '20000000-0000-0000-0000-000000000028'),
       ('40000000-0000-0000-0000-000000000089', 'Personalausgaben', 0.00, '', '20000000-0000-0000-0000-000000000029'),
       ('40000000-0000-0000-0000-000000000090', 'Ausgaben für Honorarkräfte', 0.00, '', '20000000-0000-0000-0000-000000000029'),
       ('40000000-0000-0000-0000-000000000091', 'Sachkosten', 2275.88, '', '20000000-0000-0000-0000-000000000029'),
       ('40000000-0000-0000-0000-000000000092', 'Personalausgaben', 0.00, '', '20000000-0000-0000-0000-000000000030'),
       ('40000000-0000-0000-0000-000000000093', 'Ausgaben für Honorarkräfte', 3590.12, '', '20000000-0000-0000-0000-000000000030'),
       ('40000000-0000-0000-0000-000000000094', 'Sachkosten', 0.00, '', '20000000-0000-0000-0000-000000000030'),
       ('40000000-0000-0000-0000-000000000095', 'Personalausgaben', 0.00, '', '20000000-0000-0000-0000-000000000031'),
       ('40000000-0000-0000-0000-000000000096', 'Ausgaben für Honorarkräfte', 0.00, '', '20000000-0000-0000-0000-000000000031'),
       ('40000000-0000-0000-0000-000000000097', 'Sachkosten', 5205.77, '', '20000000-0000-0000-0000-000000000031'),
       ('40000000-0000-0000-0000-000000000098', 'Personalausgaben', 0.00, '', '20000000-0000-0000-0000-000000000032'),
       ('40000000-0000-0000-0000-000000000099', 'Ausgaben für Honorarkräfte', 1910.33, '', '20000000-0000-0000-0000-000000000032'),
       ('40000000-0000-0000-0000-000000000100', 'Sachkosten', 0.00, '', '20000000-0000-0000-0000-000000000032'),
       ('40000000-0000-0000-0000-000000000101', 'Personalausgaben', 0.00, '', '20000000-0000-0000-0000-000000000033'),
       ('40000000-0000-0000-0000-000000000102', 'Ausgaben für Honorarkräfte', 1647.66, '', '20000000-0000-0000-0000-000000000033'),
       ('40000000-0000-0000-0000-000000000103', 'Sachkosten', 0.00, '', '20000000-0000-0000-0000-000000000033'),
       ('40000000-0000-0000-0000-000000000104', 'Personalausgaben', 0.00, '', '20000000-0000-0000-0000-000000000034'),
       ('40000000-0000-0000-0000-000000000105', 'Ausgaben für Honorarkräfte', 3599.44, '', '20000000-0000-0000-0000-000000000034'),
       ('40000000-0000-0000-0000-000000000106', 'Sachkosten', 0.00, '', '20000000-0000-0000-0000-000000000034'),
       ('40000000-0000-0000-0000-000000000107', 'Personalausgaben', 420.22, '', '20000000-0000-0000-0000-000000000035'),
       ('40000000-0000-0000-0000-000000000108', 'Ausgaben für Honorarkräfte', 0.00, '', '20000000-0000-0000-0000-000000000035'),
       ('40000000-0000-0000-0000-000000000109', 'Sachkosten', 0.00, '', '20000000-0000-0000-0000-000000000035'),
       ('40000000-0000-0000-0000-000000000110', 'Personalausgaben', 7650.88, '', '20000000-0000-0000-0000-000000000036'),
       ('40000000-0000-0000-0000-000000000111', 'Ausgaben für Honorarkräfte', 0.00, '', '20000000-0000-0000-0000-000000000036'),
       ('40000000-0000-0000-0000-000000000112', 'Sachkosten', 0.00, 'Alle Ausgabenbelege sind vollständig archiviert.', '20000000-0000-0000-0000-000000000036'),
       ('40000000-0000-0000-0000-000000000113', 'Personalausgaben', 0.00, '', '20000000-0000-0000-0000-000000000037'),
       ('40000000-0000-0000-0000-000000000114', 'Ausgaben für Honorarkräfte', 2588.11, '', '20000000-0000-0000-0000-000000000037'),
       ('40000000-0000-0000-0000-000000000115', 'Sachkosten', 0.00, '', '20000000-0000-0000-0000-000000000037'),
       ('40000000-0000-0000-0000-000000000116', 'Personalausgaben', 412.99, '', '20000000-0000-0000-0000-000000000038'),
       ('40000000-0000-0000-0000-000000000117', 'Ausgaben für Honorarkräfte', 2000.00, '', '20000000-0000-0000-0000-000000000038'),
       ('40000000-0000-0000-0000-000000000118', 'Sachkosten', 3000.00, '', '20000000-0000-0000-0000-000000000038'),
       ('40000000-0000-0000-0000-000000000119', 'Personalausgaben', 0.00, '', '20000000-0000-0000-0000-000000000039'),
       ('40000000-0000-0000-0000-000000000120', 'Ausgaben für Honorarkräfte', 0.00, '', '20000000-0000-0000-0000-000000000039'),
       ('40000000-0000-0000-0000-000000000121', 'Sachkosten', 383.77, '', '20000000-0000-0000-0000-000000000039'),
       ('40000000-0000-0000-0000-000000000122', 'Personalausgaben', 2750.22, '', '20000000-0000-0000-0000-000000000040'),
       ('40000000-0000-0000-0000-000000000123', 'Ausgaben für Honorarkräfte', 0.00, '', '20000000-0000-0000-0000-000000000040'),
       ('40000000-0000-0000-0000-000000000124', 'Sachkosten', 0.00, '', '20000000-0000-0000-0000-000000000040'),
       ('40000000-0000-0000-0000-000000000125', 'Personalausgaben', 2000.00, '', '20000000-0000-0000-0000-000000000041'),
       ('40000000-0000-0000-0000-000000000126', 'Ausgaben für Honorarkräfte', 0.00, '', '20000000-0000-0000-0000-000000000041'),
       ('40000000-0000-0000-0000-000000000127', 'Sachkosten', 2220.66, '', '20000000-0000-0000-0000-000000000041'),
       ('40000000-0000-0000-0000-000000000128', 'Personalausgaben', 0.00, '', '20000000-0000-0000-0000-000000000042'),
       ('40000000-0000-0000-0000-000000000129', 'Ausgaben für Honorarkräfte', 0.00, '', '20000000-0000-0000-0000-000000000042'),
       ('40000000-0000-0000-0000-000000000130', 'Sachkosten', 156.88, '', '20000000-0000-0000-0000-000000000042'),
       ('40000000-0000-0000-0000-000000000131', 'Personalausgaben', 1000.00, '', '20000000-0000-0000-0000-000000000043'),
       ('40000000-0000-0000-0000-000000000132', 'Ausgaben für Honorarkräfte', 2000.00, '', '20000000-0000-0000-0000-000000000043'),
       ('40000000-0000-0000-0000-000000000133', 'Sachkosten', 255.44, 'Die Budgetplanung für die Ausgaben ist solide.', '20000000-0000-0000-0000-000000000043'),
       ('40000000-0000-0000-0000-000000000134', 'Personalausgaben', 0.00, '', '20000000-0000-0000-0000-000000000044'),
       ('40000000-0000-0000-0000-000000000135', 'Ausgaben für Honorarkräfte', 0.00, '', '20000000-0000-0000-0000-000000000044'),
       ('40000000-0000-0000-0000-000000000136', 'Sachkosten', 999.33, '', '20000000-0000-0000-0000-000000000044'),
       ('40000000-0000-0000-0000-000000000137', 'Personalausgaben', 0.00, '', '20000000-0000-0000-0000-000000000045'),
       ('40000000-0000-0000-0000-000000000138', 'Ausgaben für Honorarkräfte', 2000.00, '', '20000000-0000-0000-0000-000000000045'),
       ('40000000-0000-0000-0000-000000000139', 'Sachkosten', 2203.88, '', '20000000-0000-0000-0000-000000000045'),
       ('40000000-0000-0000-0000-000000000140', 'Personalausgaben', 1850.55, '', '20000000-0000-0000-0000-000000000046'),
       ('40000000-0000-0000-0000-000000000141', 'Ausgaben für Honorarkräfte', 0.00, '', '20000000-0000-0000-0000-000000000046'),
       ('40000000-0000-0000-0000-000000000142', 'Sachkosten', 0.00, '', '20000000-0000-0000-0000-000000000046'),
       ('40000000-0000-0000-0000-000000000143', 'Personalausgaben', 0.00, '', '20000000-0000-0000-0000-000000000047'),
       ('40000000-0000-0000-0000-000000000144', 'Ausgaben für Honorarkräfte', 0.00, '', '20000000-0000-0000-0000-000000000047'),
       ('40000000-0000-0000-0000-000000000145', 'Sachkosten', 410.44, '', '20000000-0000-0000-0000-000000000047'),
       ('40000000-0000-0000-0000-000000000146', 'Personalausgaben', 0.00, '', '20000000-0000-0000-0000-000000000048'),
       ('40000000-0000-0000-0000-000000000147', 'Ausgaben für Honorarkräfte', 0.00, '', '20000000-0000-0000-0000-000000000048'),
       ('40000000-0000-0000-0000-000000000148', 'Sachkosten', 2340.99, '', '20000000-0000-0000-0000-000000000048'),
       ('40000000-0000-0000-0000-000000000149', 'Personalausgaben', 10000.00, '', '20000000-0000-0000-0000-000000000049'),
       ('40000000-0000-0000-0000-000000000150', 'Ausgaben für Honorarkräfte', 0.00, '', '20000000-0000-0000-0000-000000000049'),
       ('40000000-0000-0000-0000-000000000151', 'Sachkosten', 5023.50, '', '20000000-0000-0000-0000-000000000049'),
       ('40000000-0000-0000-0000-000000000152', 'Personalausgaben', 0.00, '', '20000000-0000-0000-0000-000000000050'),
       ('40000000-0000-0000-0000-000000000153', 'Ausgaben für Honorarkräfte', 0.00, '', '20000000-0000-0000-0000-000000000050'),
       ('40000000-0000-0000-0000-000000000154', 'Sachkosten', 152.77, '', '20000000-0000-0000-0000-000000000050');
